id,family,label,flagged,sig_flag,sig_score,lat_ms
HF607_aug315,benign,benign,False,False,0.0,0.0005
HF265_aug151,attack,attack,False,False,0.0,0.0004
HF464,benign,benign,False,False,0.0,0.0003
HF161_aug703,attack,attack,False,False,0.0,0.0003
HF402,benign,benign,False,False,0.0,0.0003
HF378,benign,benign,False,False,0.0,0.0003
HF161_aug736,attack,attack,False,False,0.0,0.0003
HF541_aug186,benign,benign,False,False,0.0,0.0002
HF221,attack,attack,True,True,1.0,0.0002
HF452,benign,benign,False,False,0.0,0.0003
HF194,attack,attack,True,True,1.0,0.0002
HF407,benign,benign,False,False,0.0,0.0002
HF163,benign,benign,False,False,0.0,0.0002
HF522_aug382,attack,attack,True,True,1.0,0.0002
HF161_aug172,attack,attack,True,True,1.0,0.0002
HF691_aug73,attack,attack,True,True,1.0,0.0001
HF307_aug544,attack,attack,True,True,1.0,0.0002
HF457,attack,attack,True,True,1.0,0.0001
HF151_aug101,benign,benign,False,False,0.0,0.0003
HF672_aug307,benign,benign,False,False,0.0,0.0003
HF358_aug472,attack,attack,True,True,1.0,0.0002
HF416_aug119,benign,benign,False,False,0.0,0.0002
HF342_aug436,benign,benign,False,False,0.0,0.0002
HF112,benign,benign,False,False,0.0,0.0003
HF121_aug377,benign,benign,False,False,0.0,0.0002
HF358,attack,attack,True,True,1.0,0.0001
HF250,benign,benign,False,False,0.0,0.0002
HF354_aug762,attack,attack,False,False,0.0,0.0002
HF349_aug590,attack,attack,True,True,1.0,0.0002
HF120,attack,attack,False,False,0.0,0.0002
HF430_aug426,attack,attack,True,True,1.0,0.0002
HF386_aug742,attack,attack,True,True,1.0,0.0002
HF351_aug370,attack,attack,True,True,1.0,0.0001
HF639_aug705,attack,attack,False,False,0.0,0.0001
HF108,benign,benign,False,False,0.0,0.0002
HF333_aug248,attack,attack,True,True,1.0,0.0002
HF329_aug64,benign,benign,False,False,0.0,0.0002
HF403,benign,benign,False,False,0.0,0.0002
HF104,benign,benign,False,False,0.0,0.0002
HF639_aug52,attack,attack,True,True,1.0,0.0001
HF444,attack,attack,True,True,1.0,0.0001
HF617_aug382,benign,benign,False,False,0.0,0.0002
HF307_aug49,attack,attack,False,False,0.0,0.0003
HF95_aug383,attack,attack,True,True,1.0,0.0002
HF198_aug23,benign,benign,False,False,0.0,0.0002
HF745_aug622,attack,attack,True,True,1.0,0.0002
HF215_aug305,attack,attack,True,True,1.0,0.0001
HF188_aug687,attack,attack,True,True,1.0,0.0001
HF253,attack,attack,True,True,1.0,0.0002
HF313_aug63,benign,benign,False,False,0.0,0.0002
HF728,benign,benign,False,False,0.0,0.0002
HF206_aug45,attack,attack,True,True,1.0,0.0002
HF615,benign,benign,False,False,0.0,0.0002
HF8_aug10,attack,attack,True,True,1.0,0.0001
HF691_aug707,attack,attack,False,False,0.0,0.0001
HF571_aug196,benign,benign,False,False,0.0,0.0002
HF339,benign,benign,False,False,0.0,0.0001
HF742_aug151,benign,benign,False,False,0.0,0.0002
HF255,benign,benign,False,False,0.0,0.0002
HF686_aug159,attack,attack,True,True,1.0,0.0001
HF646,benign,benign,False,False,0.0,0.0002
HF195_aug476,attack,attack,True,True,1.0,0.0001
HF568_aug76,benign,benign,False,False,0.0,0.0002
HF119,benign,benign,False,False,0.0,0.0002
HF205_aug442,benign,benign,False,False,0.0,0.0003
HF230_aug302,benign,benign,False,False,0.0,0.0001
HF183_aug785,attack,attack,True,True,1.0,0.0002
HF703,benign,benign,False,False,0.0,0.0002
HF397,attack,attack,True,True,1.0,0.0001
HF669,benign,benign,False,False,0.0,0.0002
HF619,benign,benign,False,False,0.0,0.0002
HF253_aug181,attack,attack,True,True,1.0,0.0002
HF550,benign,benign,False,False,0.0,0.0002
HF70,benign,benign,False,False,0.0,0.0002
HF650_aug553,attack,attack,True,True,1.0,0.0001
HF504_aug122,attack,attack,True,True,1.0,0.0002
HF184_aug78,benign,benign,False,False,0.0,0.0002
HF311_aug585,attack,attack,True,True,1.0,0.0002
HF461_aug166,attack,attack,False,False,0.0,0.0003
HF114_aug274,benign,benign,False,False,0.0,0.0002
HF246,attack,attack,True,True,1.0,0.0002
HF354_aug655,attack,attack,True,True,1.0,0.0001
HF664,benign,benign,False,False,0.0,0.0002
HF104_aug10,benign,benign,False,False,0.0,0.0002
HF633_aug146,benign,benign,False,False,0.0,0.0002
HF647,benign,benign,False,False,0.0,0.0002
HF742_aug253,benign,benign,False,False,0.0,0.0001
HF333_aug276,attack,attack,False,False,0.0,0.0002
HF351_aug79,attack,attack,False,False,0.0,0.0002
HF404_aug102,benign,benign,False,False,0.0,0.0002
HF197_aug11,benign,benign,False,False,0.0,0.0002
HF202_aug184,benign,benign,False,False,0.0,0.0001
HF430_aug8,attack,attack,True,True,1.0,0.0002
HF606_aug95,attack,attack,True,True,1.0,0.0001
HF198_aug339,benign,benign,False,False,0.0,0.0002
HF594_aug288,benign,benign,False,False,0.0,0.0002
HF396_aug449,attack,attack,True,True,1.0,0.0002
HF327,benign,benign,False,False,0.0,0.0002
HF690,benign,benign,False,False,0.0,0.0002
HF594_aug386,benign,benign,False,False,0.0,0.0002
HF203_aug714,attack,attack,True,True,1.0,0.0001
HF145_aug791,attack,attack,True,True,1.0,0.0001
HF354_aug227,attack,attack,False,False,0.0,0.0002
HF517,benign,benign,False,False,0.0,0.0002
HF547_aug37,attack,attack,True,True,1.0,0.0001
HF606_aug677,attack,attack,True,True,1.0,0.0001
HF265_aug418,attack,attack,True,True,1.0,0.0001
HF183_aug54,attack,attack,True,True,1.0,0.0001
HF430_aug409,attack,attack,True,True,1.0,0.0001
HF99_aug342,attack,attack,True,True,1.0,0.0002
HF161_aug569,attack,attack,False,False,0.0,0.0002
HF580,benign,benign,False,False,0.0,0.0002
HF53,benign,benign,False,False,0.0,0.0003
HF227_aug244,benign,benign,False,False,0.0,0.0002
HF546_aug557,attack,attack,False,False,0.0,0.0002
HF516_aug180,attack,attack,True,True,1.0,0.0002
HF138,benign,benign,False,False,0.0,0.0001
HF39_aug771,attack,attack,True,True,1.0,0.0001
HF100_aug150,attack,attack,False,False,0.0,0.0002
HF323_aug60,benign,benign,False,False,0.0,0.0001
HF705_aug280,benign,benign,False,False,0.0,0.0002
HF47,benign,benign,False,False,0.0,0.0002
HF144,benign,benign,False,False,0.0,0.0002
HF293_aug292,attack,attack,True,True,1.0,0.0001
HF547_aug191,attack,attack,True,True,1.0,0.0002
HF26_aug1,benign,benign,False,False,0.0,0.0002
HF159_aug262,attack,attack,True,True,1.0,0.0001
HF203_aug684,attack,attack,True,True,1.0,0.0002
HF273,benign,benign,False,False,0.0,0.0002
HF639_aug164,attack,attack,True,True,1.0,0.0002
HF356_aug348,benign,benign,False,False,0.0,0.0002
HF26_aug328,benign,benign,False,False,0.0,0.0002
HF152_aug542,attack,attack,True,True,1.0,0.0002
HF100_aug327,attack,attack,True,True,1.0,0.0002
HF410_aug600,attack,attack,False,False,0.0,0.0003
HF309,benign,benign,False,False,0.0,0.0002
HF93_aug433,benign,benign,False,False,0.0,0.0002
HF245_aug360,benign,benign,False,False,0.0,0.0002
HF447_aug154,benign,benign,False,False,0.0,0.0003
HF747,benign,benign,False,False,0.0,0.0003
HF436,benign,benign,False,False,0.0,0.0006
HF522_aug104,attack,attack,True,True,1.0,0.0003
HF376_aug121,benign,benign,False,False,0.0,0.0006
HF638_aug660,attack,attack,True,True,1.0,0.0004
HF305_aug21,benign,benign,False,False,0.0,0.0004
HF319_aug328,attack,attack,False,False,0.0,0.0003
HF358_aug452,attack,attack,True,True,1.0,0.0002
HF360,benign,benign,False,False,0.0,0.0003
HF211_aug31,attack,attack,True,True,1.0,0.0001
HF430,attack,attack,True,True,1.0,0.0002
HF497_aug152,benign,benign,False,False,0.0,0.0002
HF233_aug747,attack,attack,True,True,1.0,0.0001
HF99_aug415,attack,attack,True,True,1.0,0.0001
HF249,benign,benign,False,False,0.0,0.0002
HF105_aug105,attack,attack,True,True,1.0,0.0001
HF481,attack,attack,True,True,1.0,0.0001
HF546_aug352,attack,attack,True,True,1.0,0.0001
HF164_aug128,benign,benign,False,False,0.0,0.0002
HF650_aug381,attack,attack,True,True,1.0,0.0001
HF121_aug95,benign,benign,False,False,0.0,0.0002
HF551_aug468,attack,attack,True,True,1.0,0.0002
HF243_aug632,attack,attack,False,False,0.0,0.0002
HF394,attack,attack,True,True,1.0,0.0002
HF231,benign,benign,False,False,0.0,0.0002
HF607_aug414,benign,benign,False,False,0.0,0.0002
HF631,benign,benign,False,False,0.0,0.0001
HF448_aug183,benign,benign,False,False,0.0,0.0003
HF337,benign,benign,False,False,0.0,0.0004
HF539_aug9,attack,attack,True,True,1.0,0.0002
HF541_aug222,benign,benign,False,False,0.0,0.0003
HF166,benign,benign,False,False,0.0,0.0002
HF316_aug477,attack,attack,True,True,1.0,0.0001
HF367_aug405,benign,benign,False,False,0.0,0.0002
HF733_aug293,benign,benign,False,False,0.0,0.0002
HF159_aug209,attack,attack,True,True,1.0,0.0002
HF453,benign,benign,False,False,0.0,0.0002
HF745_aug580,attack,attack,True,True,1.0,0.0002
HF482,benign,benign,False,False,0.0,0.0003
HF113_aug672,attack,attack,True,True,1.0,0.0002
HF366_aug107,benign,benign,False,False,0.0,0.0002
HF385,benign,benign,False,False,0.0,0.0002
HF351_aug583,attack,attack,True,True,1.0,0.0002
HF305_aug273,benign,benign,False,False,0.0,0.0003
HF279,benign,benign,False,False,0.0,0.0003
HF215_aug605,attack,attack,False,False,0.0,0.0003
HF351_aug510,attack,attack,True,True,1.0,0.0002
HF436_aug445,benign,benign,False,False,0.0,0.0003
HF631_aug114,benign,benign,False,False,0.0,0.0002
HF269,benign,benign,False,False,0.0,0.0003
HF313,benign,benign,False,False,0.0,0.0002
HF469_aug400,attack,attack,False,False,0.0,0.0002
HF316_aug68,attack,attack,True,True,1.0,0.0002
HF533,benign,benign,False,False,0.0,0.0003
HF461_aug29,attack,attack,True,True,1.0,0.0002
HF172,attack,attack,True,True,1.0,0.0002
HF95_aug260,attack,attack,True,True,1.0,0.0001
HF141,benign,benign,False,False,0.0,0.0002
HF243_aug653,attack,attack,True,True,1.0,0.0001
HF170_aug491,attack,attack,True,True,1.0,0.0001
HF567_aug6,benign,benign,False,False,0.0,0.0002
HF594_aug327,benign,benign,False,False,0.0,0.0002
HF522_aug324,attack,attack,False,False,0.0,0.0002
HF651,attack,attack,True,True,1.0,0.0002
HF110_aug518,attack,attack,True,True,1.0,0.0001
HF351_aug212,attack,attack,True,True,1.0,0.0002
HF387_aug35,attack,attack,True,True,1.0,0.0001
HF645,benign,benign,False,False,0.0,0.0002
HF467,benign,benign,False,False,0.0,0.0002
HF80,benign,benign,False,False,0.0,0.0002
HF101,attack,attack,True,True,1.0,0.0001
HF1_aug221,benign,benign,False,False,0.0,0.0002
HF212,attack,attack,True,True,1.0,0.0001
HF170_aug87,attack,attack,True,True,1.0,0.0001
HF696,attack,attack,True,True,1.0,0.0001
HF183_aug499,attack,attack,False,False,0.0,0.0002
HF447_aug269,benign,benign,False,False,0.0,0.0002
HF197,benign,benign,False,False,0.0,0.0001
HF551_aug152,attack,attack,True,True,1.0,0.0002
HF39_aug214,attack,attack,True,True,1.0,0.0001
HF341,benign,benign,False,False,0.0,0.0002
HF551_aug728,attack,attack,False,False,0.0,0.0002
HF734,attack,attack,True,True,1.0,0.0001
HF326_aug377,attack,attack,True,True,1.0,0.0002
HF191,benign,benign,False,False,0.0,0.0002
HF308_aug268,benign,benign,False,False,0.0,0.0002
HF447_aug389,benign,benign,False,False,0.0,0.0002
HF206_aug231,attack,attack,False,False,0.0,0.0002
HF363,attack,attack,True,True,1.0,0.0002
HF693_aug109,benign,benign,False,False,0.0,0.0002
HF99_aug192,attack,attack,True,True,1.0,0.0002
HF487_aug393,benign,benign,False,False,0.0,0.0002
HF170_aug18,attack,attack,False,False,0.0,0.0002
HF357_aug130,benign,benign,False,False,0.0,0.0002
HF683,benign,benign,False,False,0.0,0.0001
HF184_aug239,benign,benign,False,False,0.0,0.0002
HF469_aug142,attack,attack,True,True,1.0,0.0002
HF33,benign,benign,False,False,0.0,0.0002
HF445_aug686,attack,attack,True,True,1.0,0.0001
HF487,benign,benign,False,False,0.0,0.0002
HF215_aug350,attack,attack,True,True,1.0,0.0001
HF258_aug541,attack,attack,False,False,0.0,0.0002
HF740,benign,benign,False,False,0.0,0.0002
HF606_aug336,attack,attack,True,True,1.0,0.0001
HF368_aug704,attack,attack,True,True,1.0,0.0002
HF548,benign,benign,False,False,0.0,0.0002
HF412,attack,attack,True,True,1.0,0.0002
HF639_aug627,attack,attack,True,True,1.0,0.0001
HF561_aug392,benign,benign,False,False,0.0,0.0002
HF215_aug606,attack,attack,True,True,1.0,0.0001
HF433,benign,benign,False,False,0.0,0.0002
HF6,benign,benign,False,False,0.0,0.0002
HF183_aug103,attack,attack,False,False,0.0,0.0002
HF135,benign,benign,False,False,0.0,0.0001
HF145_aug277,attack,attack,True,True,1.0,0.0002
HF584,benign,benign,False,False,0.0,0.0002
HF97,benign,benign,False,False,0.0,0.0002
HF291_aug368,attack,attack,True,True,1.0,0.0001
HF539_aug416,attack,attack,True,True,1.0,0.0002
HF491_aug352,benign,benign,False,False,0.0,0.0002
HF367,benign,benign,False,False,0.0,0.0002
HF272,attack,attack,True,True,1.0,0.0001
HF242_aug366,benign,benign,False,False,0.0,0.0002
HF127,attack,attack,True,True,1.0,0.0002
HF735,benign,benign,False,False,0.0,0.0002
HF42,benign,benign,False,False,0.0,0.0002
HF462_aug17,benign,benign,False,False,0.0,0.0002
HF654_aug149,attack,attack,True,True,1.0,0.0001
HF612,attack,attack,True,True,1.0,0.0002
HF546_aug1,attack,attack,True,True,1.0,0.0002
HF69,benign,benign,False,False,0.0,0.0002
HF506,benign,benign,False,False,0.0,0.0003
HF202_aug421,benign,benign,False,False,0.0,0.0002
HF469_aug293,attack,attack,True,True,1.0,0.0001
HF46_aug79,benign,benign,False,False,0.0,0.0002
HF706_aug420,benign,benign,False,False,0.0,0.0002
HF280_aug417,benign,benign,False,False,0.0,0.0002
HF461_aug408,attack,attack,False,False,0.0,0.0002
HF358_aug230,attack,attack,True,True,1.0,0.0002
HF675,benign,benign,False,False,0.0,0.0002
HF265_aug16,attack,attack,True,True,1.0,0.0002
HF365_aug385,benign,benign,False,False,0.0,0.0002
HF633,benign,benign,False,False,0.0,0.0002
HF410_aug428,attack,attack,True,True,1.0,0.0002
HF530,benign,benign,False,False,0.0,0.0002
HF420,benign,benign,False,False,0.0,0.0002
HF203,attack,attack,True,True,1.0,0.0002
HF100_aug96,attack,attack,True,True,1.0,0.0002
HF548_aug165,benign,benign,False,False,0.0,0.0002
HF259,attack,attack,False,False,0.0,0.0002
HF610,attack,attack,True,True,1.0,0.0001
HF379,benign,benign,False,False,0.0,0.0002
HF599_aug48,benign,benign,False,False,0.0,0.0002
HF594,benign,benign,False,False,0.0,0.0002
HF742_aug67,benign,benign,False,False,0.0,0.0001
HF686_aug389,attack,attack,False,False,0.0,0.0002
HF546_aug114,attack,attack,False,False,0.0,0.0002
HF167,attack,attack,True,True,1.0,0.0002
HF709_aug174,benign,benign,False,False,0.0,0.0002
HF155_aug286,benign,benign,False,False,0.0,0.0002
HF265_aug225,attack,attack,True,True,1.0,0.0002
HF381_aug379,attack,attack,True,True,1.0,0.0002
HF267,attack,attack,True,True,1.0,0.0002
HF84_aug371,benign,benign,False,False,0.0,0.0002
HF574,benign,benign,False,False,0.0,0.0002
HF100_aug578,attack,attack,True,True,1.0,0.0002
HF297_aug374,benign,benign,False,False,0.0,0.0002
HF242,benign,benign,False,False,0.0,0.0002
HF447,benign,benign,False,False,0.0,0.0003
HF351_aug735,attack,attack,False,False,0.0,0.0002
HF122,attack,attack,True,True,1.0,0.0002
HF123,benign,benign,False,False,0.0,0.0001
HF178_aug70,benign,benign,False,False,0.0,0.0001
HF320,benign,benign,False,False,0.0,0.0002
HF11_aug772,attack,attack,True,True,1.0,0.0002
HF114,benign,benign,False,False,0.0,0.0002
HF233_aug312,attack,attack,True,True,1.0,0.0002
HF385_aug5,benign,benign,False,False,0.0,0.0002
HF371_aug22,benign,benign,False,False,0.0,0.0001
HF523_aug265,benign,benign,False,False,0.0,0.0002
HF629_aug28,benign,benign,False,False,0.0,0.0001
HF165,attack,attack,False,False,0.0,0.0003
HF116_aug141,benign,benign,False,False,0.0,0.0002
HF637,attack,attack,True,True,1.0,0.0002
HF696_aug101,attack,attack,True,True,1.0,0.0002
HF340_aug788,attack,attack,True,True,1.0,0.0002
HF504_aug353,attack,attack,False,False,0.0,0.0003
HF130_aug379,benign,benign,False,False,0.0,0.0002
HF39_aug405,attack,attack,True,True,1.0,0.0002
HF497_aug73,benign,benign,False,False,0.0,0.0003
HF145_aug555,attack,attack,True,True,1.0,0.0002
HF167_aug236,attack,attack,True,True,1.0,0.0002
HF639_aug380,attack,attack,True,True,1.0,0.0001
HF709,benign,benign,False,False,0.0,0.0004
HF522_aug325,attack,attack,True,True,1.0,0.0002
HF387_aug140,attack,attack,True,True,1.0,0.0002
HF607_aug191,benign,benign,False,False,0.0,0.0002
HF639_aug165,attack,attack,True,True,1.0,0.0002
HF684,attack,attack,True,True,1.0,0.0001
HF160,benign,benign,False,False,0.0,0.0003
HF366_aug209,benign,benign,False,False,0.0,0.0002
HF586,benign,benign,False,False,0.0,0.0002
HF145_aug98,attack,attack,True,True,1.0,0.0001
HF476_aug358,benign,benign,False,False,0.0,0.0002
HF469_aug630,attack,attack,True,True,1.0,0.0002
HF351_aug341,attack,attack,True,True,1.0,0.0002
HF64_aug55,benign,benign,False,False,0.0,0.0003
HF522_aug148,attack,attack,True,True,1.0,0.0002
HF329_aug387,benign,benign,False,False,0.0,0.0002
HF700,benign,benign,False,False,0.0,0.0002
HF167_aug776,attack,attack,True,True,1.0,0.0002
HF657,attack,attack,False,False,0.0,0.0002
HF358_aug280,attack,attack,True,True,1.0,0.0002
HF572,benign,benign,False,False,0.0,0.0003
HF164_aug65,benign,benign,False,False,0.0,0.0003
HF441,attack,attack,True,True,1.0,0.0002
HF546_aug397,attack,attack,False,False,0.0,0.0002
HF262_aug249,benign,benign,False,False,0.0,0.0002
HF518_aug200,benign,benign,False,False,0.0,0.0001
HF527,benign,benign,False,False,0.0,0.0003
HF260,benign,benign,False,False,0.0,0.0002
HF188_aug283,attack,attack,False,False,0.0,0.0002
HF539_aug129,attack,attack,True,True,1.0,0.0001
HF469_aug586,attack,attack,True,True,1.0,0.0002
HF725,attack,attack,True,True,1.0,0.0002
HF469_aug435,attack,attack,True,True,1.0,0.0002
HF351_aug269,attack,attack,True,True,1.0,0.0001
HF491_aug168,benign,benign,False,False,0.0,0.0002
HF410_aug120,attack,attack,True,True,1.0,0.0001
HF277,benign,benign,False,False,0.0,0.0002
HF8_aug64,attack,attack,False,False,0.0,0.0002
HF744,benign,benign,False,False,0.0,0.0002
HF385_aug258,benign,benign,False,False,0.0,0.0002
HF239,attack,attack,True,True,1.0,0.0001
HF198_aug192,benign,benign,False,False,0.0,0.0002
HF436_aug47,benign,benign,False,False,0.0,0.0003
HF342_aug18,benign,benign,False,False,0.0,0.0002
HF167_aug278,attack,attack,True,True,1.0,0.0002
HF400_aug211,benign,benign,False,False,0.0,0.0001
HF721_aug367,benign,benign,False,False,0.0,0.0001
HF601,benign,benign,False,False,0.0,0.0002
HF626,benign,benign,False,False,0.0,0.0002
HF539_aug685,attack,attack,False,False,0.0,0.0002
HF246_aug220,attack,attack,False,False,0.0,0.0001
HF576_aug129,benign,benign,False,False,0.0,0.0002
HF614,benign,benign,False,False,0.0,0.0002
HF522_aug562,attack,attack,True,True,1.0,0.0002
HF291_aug317,attack,attack,True,True,1.0,0.0001
HF592,benign,benign,False,False,0.0,0.0001
HF504_aug411,attack,attack,True,True,1.0,0.0001
HF726,benign,benign,False,False,0.0,0.0002
HF733_aug237,benign,benign,False,False,0.0,0.0003
HF329_aug113,benign,benign,False,False,0.0,0.0002
HF469_aug251,attack,attack,True,True,1.0,0.0002
HF546_aug528,attack,attack,True,True,1.0,0.0002
HF358_aug332,attack,attack,True,True,1.0,0.0001
HF445_aug763,attack,attack,True,True,1.0,0.0001
HF395,benign,benign,False,False,0.0,0.0002
HF576_aug194,benign,benign,False,False,0.0,0.0002
HF394_aug59,attack,attack,True,True,1.0,0.0002
HF539_aug333,attack,attack,True,True,1.0,0.0002
HF351_aug766,attack,attack,False,False,0.0,0.0002
HF516_aug38,attack,attack,True,True,1.0,0.0002
HF307_aug617,attack,attack,True,True,1.0,0.0001
HF206_aug490,attack,attack,True,True,1.0,0.0002
HF258_aug218,attack,attack,True,True,1.0,0.0001
HF115,benign,benign,False,False,0.0,0.0002
HF280_aug453,benign,benign,False,False,0.0,0.0002
HF307_aug163,attack,attack,False,False,0.0,0.0001
HF28,benign,benign,False,False,0.0,0.0001
HF335,benign,benign,False,False,0.0,0.0002
HF159_aug386,attack,attack,True,True,1.0,0.0001
HF243_aug534,attack,attack,True,True,1.0,0.0001
HF14_aug216,benign,benign,False,False,0.0,0.0002
HF743_aug739,attack,attack,True,True,1.0,0.0001
HF254,attack,attack,True,True,1.0,0.0001
HF567,benign,benign,False,False,0.0,0.0002
HF354_aug57,attack,attack,False,False,0.0,0.0003
HF179,attack,attack,True,True,1.0,0.0002
HF741,attack,attack,True,True,1.0,0.0001
HF124_aug243,benign,benign,False,False,0.0,0.0001
HF396_aug448,attack,attack,True,True,1.0,0.0001
HF95_aug130,attack,attack,True,True,1.0,0.0001
HF500,benign,benign,False,False,0.0,0.0002
HF8_aug391,attack,attack,True,True,1.0,0.0001
HF543,benign,benign,False,False,0.0,0.0002
HF366_aug255,benign,benign,False,False,0.0,0.0002
HF437,benign,benign,False,False,0.0,0.0002
HF151,benign,benign,False,False,0.0,0.0002
HF9,benign,benign,False,False,0.0,0.0002
HF455,benign,benign,False,False,0.0,0.0001
HF749_aug224,attack,attack,True,True,1.0,0.0002
HF388_aug13,benign,benign,False,False,0.0,0.0001
HF408,benign,benign,False,False,0.0,0.0002
HF311_aug388,attack,attack,True,True,1.0,0.0001
HF323_aug412,benign,benign,False,False,0.0,0.0001
HF14_aug431,benign,benign,False,False,0.0,0.0002
HF189,benign,benign,False,False,0.0,0.0002
HF39_aug783,attack,attack,False,False,0.0,0.0002
HF711_aug196,attack,attack,True,True,1.0,0.0001
HF702,benign,benign,False,False,0.0,0.0002
HF105_aug234,attack,attack,True,True,1.0,0.0001
HF720,attack,attack,True,True,1.0,0.0001
HF596,benign,benign,False,False,0.0,0.0002
HF206_aug412,attack,attack,True,True,1.0,0.0002
HF677,benign,benign,False,False,0.0,0.0001
HF539_aug374,attack,attack,True,True,1.0,0.0002
HF725_aug784,attack,attack,True,True,1.0,0.0002
HF593,benign,benign,False,False,0.0,0.0002
HF307_aug504,attack,attack,True,True,1.0,0.0001
HF359,benign,benign,False,False,0.0,0.0002
HF507,attack,attack,True,True,1.0,0.0002
HF497,benign,benign,False,False,0.0,0.0002
HF11,attack,attack,True,True,1.0,0.0002
HF306,benign,benign,False,False,0.0,0.0002
HF483_aug324,benign,benign,False,False,0.0,0.0002
HF488_aug77,benign,benign,False,False,0.0,0.0003
HF354_aug137,attack,attack,True,True,1.0,0.0002
HF187_aug224,benign,benign,False,False,0.0,0.0002
HF733,benign,benign,False,False,0.0,0.0002
HF358_aug281,attack,attack,True,True,1.0,0.0001
HF556_aug63,attack,attack,True,True,1.0,0.0001
HF183_aug174,attack,attack,True,True,1.0,0.0002
HF311_aug539,attack,attack,True,True,1.0,0.0001
HF18,benign,benign,False,False,0.0,0.0001
HF120_aug237,attack,attack,False,False,0.0,0.0002
HF654_aug69,attack,attack,True,True,1.0,0.0002
HF681,attack,attack,True,True,1.0,0.0002
HF546_aug737,attack,attack,False,False,0.0,0.0002
HF170_aug42,attack,attack,False,False,0.0,0.0002
HF311_aug729,attack,attack,True,True,1.0,0.0001
HF161_aug243,attack,attack,True,True,1.0,0.0001
HF183_aug394,attack,attack,True,True,1.0,0.0001
HF678_aug615,attack,attack,True,True,1.0,0.0002
HF377,benign,benign,False,False,0.0,0.0002
HF721_aug131,benign,benign,False,False,0.0,0.0002
HF725_aug284,attack,attack,True,True,1.0,0.0002
HF612_aug478,attack,attack,True,True,1.0,0.0002
HF351_aug213,attack,attack,True,True,1.0,0.0001
HF461_aug71,attack,attack,False,False,0.0,0.0002
HF644,benign,benign,False,False,0.0,0.0002
HF308_aug284,benign,benign,False,False,0.0,0.0002
HF620,benign,benign,False,False,0.0,0.0002
HF381_aug48,attack,attack,True,True,1.0,0.0002
HF445_aug211,attack,attack,True,True,1.0,0.0001
HF535,benign,benign,False,False,0.0,0.0002
HF428,benign,benign,False,False,0.0,0.0002
HF410_aug513,attack,attack,True,True,1.0,0.0002
HF538_aug108,attack,attack,True,True,1.0,0.0002
HF354_aug724,attack,attack,True,True,1.0,0.0002
HF610_aug179,attack,attack,True,True,1.0,0.0001
HF700_aug20,benign,benign,False,False,0.0,0.0002
HF170_aug223,attack,attack,True,True,1.0,0.0001
HF308_aug329,benign,benign,False,False,0.0,0.0002
HF159_aug330,attack,attack,True,True,1.0,0.0002
HF743_aug550,attack,attack,True,True,1.0,0.0001
HF696_aug563,attack,attack,False,False,0.0,0.0002
HF495,benign,benign,False,False,0.0,0.0002
HF100_aug206,attack,attack,True,True,1.0,0.0001
HF548_aug69,benign,benign,False,False,0.0,0.0002
HF539_aug492,attack,attack,True,True,1.0,0.0001
HF733_aug193,benign,benign,False,False,0.0,0.0002
HF253_aug346,attack,attack,True,True,1.0,0.0001
HF326_aug734,attack,attack,True,True,1.0,0.0002
HF541,benign,benign,False,False,0.0,0.0002
HF567_aug62,benign,benign,False,False,0.0,0.0002
HF124_aug394,benign,benign,False,False,0.0,0.0002
HF661,benign,benign,False,False,0.0,0.0002
HF674,attack,attack,True,True,1.0,0.0001
HF178_aug395,benign,benign,False,False,0.0,0.0002
HF227,benign,benign,False,False,0.0,0.0002
HF639,attack,attack,True,True,1.0,0.0001
HF381_aug90,attack,attack,True,True,1.0,0.0001
HF610_aug359,attack,attack,True,True,1.0,0.0001
HF622,benign,benign,False,False,0.0,0.0002
HF487_aug331,benign,benign,False,False,0.0,0.0001
HF487_aug106,benign,benign,False,False,0.0,0.0002
HF159_aug647,attack,attack,False,False,0.0,0.0002
HF258_aug70,attack,attack,True,True,1.0,0.0001
HF14_aug4,benign,benign,False,False,0.0,0.0002
HF45,benign,benign,False,False,0.0,0.0002
HF216_aug198,benign,benign,False,False,0.0,0.0002
HF639_aug169,attack,attack,False,False,0.0,0.0003
HF178_aug124,benign,benign,False,False,0.0,0.0002
HF522_aug519,attack,attack,True,True,1.0,0.0002
HF711_aug531,attack,attack,True,True,1.0,0.0002
HF291_aug575,attack,attack,False,False,0.0,0.0003
HF39_aug316,attack,attack,True,True,1.0,0.0002
HF243_aug132,attack,attack,False,False,0.0,0.0002
HF654_aug643,attack,attack,True,True,1.0,0.0002
HF347,benign,benign,False,False,0.0,0.0002
HF67,benign,benign,False,False,0.0,0.0002
HF205_aug378,benign,benign,False,False,0.0,0.0002
HF78,attack,attack,True,True,1.0,0.0002
HF354_aug505,attack,attack,True,True,1.0,0.0007
HF430_aug698,attack,attack,True,True,1.0,0.0003
HF571_aug434,benign,benign,False,False,0.0,0.0003
HF10_aug27,benign,benign,False,False,0.0,0.0003
HF546_aug701,attack,attack,True,True,1.0,0.0002
HF99_aug263,attack,attack,False,False,0.0,0.0002
HF462_aug432,benign,benign,False,False,0.0,0.0002
HF743,attack,attack,True,True,1.0,0.0002
HF288,benign,benign,False,False,0.0,0.0002
HF71,benign,benign,False,False,0.0,0.0002
HF187,benign,benign,False,False,0.0,0.0002
HF528,benign,benign,False,False,0.0,0.0003
HF161_aug796,attack,attack,False,False,0.0,0.0002
HF95_aug525,attack,attack,True,True,1.0,0.0002
HF55_aug226,benign,benign,False,False,0.0,0.0002
HF202_aug364,benign,benign,False,False,0.0,0.0002
HF14_aug276,benign,benign,False,False,0.0,0.0003
HF145_aug365,attack,attack,True,True,1.0,0.0001
HF161,attack,attack,True,True,1.0,0.0002
HF100_aug72,attack,attack,True,True,1.0,0.0002
HF130,benign,benign,False,False,0.0,0.0003
HF368,attack,attack,True,True,1.0,0.0001
HF324,benign,benign,False,False,0.0,0.0003
HF14_aug176,benign,benign,False,False,0.0,0.0001
HF155_aug287,benign,benign,False,False,0.0,0.0002
HF387,attack,attack,True,True,1.0,0.0001
HF523_aug72,benign,benign,False,False,0.0,0.0002
HF95_aug295,attack,attack,True,True,1.0,0.0002
HF706_aug435,benign,benign,False,False,0.0,0.0002
HF720_aug679,attack,attack,True,True,1.0,0.0002
HF430_aug554,attack,attack,True,True,1.0,0.0001
HF556_aug417,attack,attack,True,True,1.0,0.0001
HF143,benign,benign,False,False,0.0,0.0002
HF10_aug390,benign,benign,False,False,0.0,0.0002
HF354_aug607,attack,attack,True,True,1.0,0.0001
HF48,benign,benign,False,False,0.0,0.0002
HF258,attack,attack,False,False,0.0,0.0002
HF393,benign,benign,False,False,0.0,0.0002
HF376,benign,benign,False,False,0.0,0.0002
HF466,benign,benign,False,False,0.0,0.0002
HF624,benign,benign,False,False,0.0,0.0002
HF120_aug279,attack,attack,True,True,1.0,0.0001
HF87,benign,benign,False,False,0.0,0.0002
HF170_aug304,attack,attack,True,True,1.0,0.0002
HF331,benign,benign,False,False,0.0,0.0002
HF26_aug316,benign,benign,False,False,0.0,0.0002
HF436_aug444,benign,benign,False,False,0.0,0.0001
HF649,benign,benign,False,False,0.0,0.0002
HF112_aug321,benign,benign,False,False,0.0,0.0002
HF621,benign,benign,False,False,0.0,0.0001
HF639_aug109,attack,attack,False,False,0.0,0.0002
HF99_aug760,attack,attack,True,True,1.0,0.0001
HF430_aug203,attack,attack,True,True,1.0,0.0001
HF460,benign,benign,False,False,0.0,0.0002
HF617_aug104,benign,benign,False,False,0.0,0.0003
HF206_aug107,attack,attack,True,True,1.0,0.0002
HF556_aug24,attack,attack,True,True,1.0,0.0001
HF712_aug312,benign,benign,False,False,0.0,0.0002
HF368_aug508,attack,attack,True,True,1.0,0.0002
HF730_aug398,benign,benign,False,False,0.0,0.0002
HF532,benign,benign,False,False,0.0,0.0002
HF700_aug240,benign,benign,False,False,0.0,0.0002
HF534,attack,attack,True,True,1.0,0.0002
HF561_aug9,benign,benign,False,False,0.0,0.0003
HF626_aug411,benign,benign,False,False,0.0,0.0002
HF354_aug723,attack,attack,False,False,0.0,0.0002
HF396_aug740,attack,attack,False,False,0.0,0.0002
HF386_aug634,attack,attack,True,True,1.0,0.0001
HF206_aug373,attack,attack,True,True,1.0,0.0001
HF354_aug355,attack,attack,True,True,1.0,0.0002
HF329,benign,benign,False,False,0.0,0.0002
HF501,benign,benign,False,False,0.0,0.0002
HF484,benign,benign,False,False,0.0,0.0002
HF228,benign,benign,False,False,0.0,0.0002
HF603,benign,benign,False,False,0.0,0.0001
HF203_aug84,attack,attack,False,False,0.0,0.0001
HF618_aug59,benign,benign,False,False,0.0,0.0002
HF73,benign,benign,False,False,0.0,0.0002
HF546_aug396,attack,attack,True,True,1.0,0.0001
HF725_aug730,attack,attack,False,False,0.0,0.0002
HF627,benign,benign,False,False,0.0,0.0001
HF54_aug92,benign,benign,False,False,0.0,0.0002
HF476_aug42,benign,benign,False,False,0.0,0.0002
HF52,benign,benign,False,False,0.0,0.0002
HF323,benign,benign,False,False,0.0,0.0001
HF606_aug604,attack,attack,True,True,1.0,0.0002
HF372_aug702,attack,attack,True,True,1.0,0.0002
HF332_aug134,benign,benign,False,False,0.0,0.0002
HF286,benign,benign,False,False,0.0,0.0003
HF691_aug565,attack,attack,False,False,0.0,0.0002
HF326_aug407,attack,attack,True,True,1.0,0.0001
HF216_aug447,benign,benign,False,False,0.0,0.0002
HF672_aug19,benign,benign,False,False,0.0,0.0002
HF583,benign,benign,False,False,0.0,0.0002
HF14,benign,benign,False,False,0.0,0.0001
HF430_aug291,attack,attack,False,False,0.0,0.0002
HF448,benign,benign,False,False,0.0,0.0002
HF266_aug75,attack,attack,False,False,0.0,0.0001
HF328_aug301,benign,benign,False,False,0.0,0.0001
HF444_aug156,attack,attack,True,True,1.0,0.0001
HF149,benign,benign,False,False,0.0,0.0001
HF445_aug34,attack,attack,False,False,0.0,0.0002
HF551_aug349,attack,attack,True,True,1.0,0.0001
HF550_aug322,benign,benign,False,False,0.0,0.0002
HF731_aug267,benign,benign,False,False,0.0,0.0002
HF340_aug6,attack,attack,True,True,1.0,0.0001
HF536,benign,benign,False,False,0.0,0.0002
HF184_aug15,benign,benign,False,False,0.0,0.0002
HF196,attack,attack,True,True,1.0,0.0002
HF11_aug429,attack,attack,True,True,1.0,0.0001
HF388_aug416,benign,benign,False,False,0.0,0.0002
HF416_aug314,benign,benign,False,False,0.0,0.0002
HF257_aug271,benign,benign,False,False,0.0,0.0002
HF358_aug161,attack,attack,True,True,1.0,0.0001
HF632_aug303,attack,attack,True,True,1.0,0.0002
HF232,benign,benign,False,False,0.0,0.0002
HF168,benign,benign,False,False,0.0,0.0002
HF255_aug84,benign,benign,False,False,0.0,0.0002
HF300,benign,benign,False,False,0.0,0.0001
HF217,benign,benign,False,False,0.0,0.0001
HF176,benign,benign,False,False,0.0,0.0002
HF599_aug49,benign,benign,False,False,0.0,0.0002
HF426,attack,attack,True,True,1.0,0.0002
HF345,benign,benign,False,False,0.0,0.0002
HF565_aug448,benign,benign,False,False,0.0,0.0002
HF110_aug320,attack,attack,True,True,1.0,0.0001
HF95_aug311,attack,attack,True,True,1.0,0.0002
HF291,attack,attack,True,True,1.0,0.0001
HF743_aug713,attack,attack,True,True,1.0,0.0001
HF23,benign,benign,False,False,0.0,0.0001
HF311_aug178,attack,attack,False,False,0.0,0.0002
HF35,benign,benign,False,False,0.0,0.0002
HF655_aug143,benign,benign,False,False,0.0,0.0002
HF307,attack,attack,True,True,1.0,0.0001
HF229_aug132,benign,benign,False,False,0.0,0.0003
HF612_aug127,attack,attack,True,True,1.0,0.0001
HF39,attack,attack,True,True,1.0,0.0002
HF654_aug543,attack,attack,True,True,1.0,0.0002
HF655_aug8,benign,benign,False,False,0.0,0.0002
HF522_aug712,attack,attack,True,True,1.0,0.0001
HF610_aug671,attack,attack,True,True,1.0,0.0002
HF326_aug249,attack,attack,True,True,1.0,0.0001
HF110_aug288,attack,attack,True,True,1.0,0.0002
HF656,benign,benign,False,False,0.0,0.0001
HF711_aug85,attack,attack,True,True,1.0,0.0001
HF711_aug746,attack,attack,True,True,1.0,0.0001
HF227_aug440,benign,benign,False,False,0.0,0.0001
HF512,benign,benign,False,False,0.0,0.0001
HF209,benign,benign,False,False,0.0,0.0002
HF265_aug503,attack,attack,True,True,1.0,0.0001
HF306_aug181,benign,benign,False,False,0.0,0.0002
HF709_aug156,benign,benign,False,False,0.0,0.0001
HF744_aug83,benign,benign,False,False,0.0,0.0002
HF328_aug54,benign,benign,False,False,0.0,0.0002
HF737,benign,benign,False,False,0.0,0.0002
HF565,benign,benign,False,False,0.0,0.0001
HF148_aug105,benign,benign,False,False,0.0,0.0002
HF195_aug125,attack,attack,True,True,1.0,0.0004
HF172_aug240,attack,attack,True,True,1.0,0.0003
HF307_aug572,attack,attack,True,True,1.0,0.0002
HF117,benign,benign,False,False,0.0,0.0003
HF305,benign,benign,False,False,0.0,0.0002
HF718_aug90,benign,benign,False,False,0.0,0.0002
HF659,attack,attack,True,True,1.0,0.0002
HF451,benign,benign,False,False,0.0,0.0002
HF654_aug502,attack,attack,True,True,1.0,0.0002
HF311,attack,attack,True,True,1.0,0.0002
HF216_aug338,benign,benign,False,False,0.0,0.0002
HF633_aug402,benign,benign,False,False,0.0,0.0002
HF711_aug255,attack,attack,True,True,1.0,0.0002
HF621_aug283,benign,benign,False,False,0.0,0.0002
HF183,attack,attack,True,True,1.0,0.0002
HF689,benign,benign,False,False,0.0,0.0002
HF639_aug441,attack,attack,False,False,0.0,0.0001
HF351_aug475,attack,attack,True,True,1.0,0.0002
HF159_aug19,attack,attack,False,False,0.0,0.0003
HF406,attack,attack,True,True,1.0,0.0001
HF145_aug780,attack,attack,True,True,1.0,0.0002
HF318,benign,benign,False,False,0.0,0.0002
HF39_aug797,attack,attack,True,True,1.0,0.0001
HF654,attack,attack,True,True,1.0,0.0002
HF243_aug579,attack,attack,True,True,1.0,0.0002
HF319_aug387,attack,attack,True,True,1.0,0.0002
HF227_aug14,benign,benign,False,False,0.0,0.0001
HF90,attack,attack,True,True,1.0,0.0002
HF551_aug221,attack,attack,True,True,1.0,0.0002
HF478,benign,benign,False,False,0.0,0.0002
HF152_aug83,attack,attack,True,True,1.0,0.0002
HF571_aug38,benign,benign,False,False,0.0,0.0002
HF103_aug226,attack,attack,False,False,0.0,0.0003
HF699,benign,benign,False,False,0.0,0.0002
HF443,benign,benign,False,False,0.0,0.0002
HF639_aug467,attack,attack,True,True,1.0,0.0001
HF126,attack,attack,True,True,1.0,0.0002
HF319_aug738,attack,attack,True,True,1.0,0.0002
HF43_aug520,attack,attack,True,True,1.0,0.0001
HF243_aug792,attack,attack,True,True,1.0,0.0001
HF551_aug12,attack,attack,True,True,1.0,0.0001
HF368_aug611,attack,attack,True,True,1.0,0.0001
HF638_aug124,attack,attack,True,True,1.0,0.0002
HF183_aug358,attack,attack,True,True,1.0,0.0002
HF155,benign,benign,False,False,0.0,0.0002
HF725_aug498,attack,attack,True,True,1.0,0.0002
HF130_aug33,benign,benign,False,False,0.0,0.0002
HF264,benign,benign,False,False,0.0,0.0002
HF215_aug139,attack,attack,False,False,0.0,0.0002
HF161_aug427,attack,attack,True,True,1.0,0.0001
HF524,attack,attack,True,True,1.0,0.0002
HF432,benign,benign,False,False,0.0,0.0003
HF351_aug158,attack,attack,True,True,1.0,0.0001
HF302,attack,attack,True,True,1.0,0.0002
HF171,attack,attack,True,True,1.0,0.0002
HF354_aug266,attack,attack,False,False,0.0,0.0002
HF555,attack,attack,True,True,1.0,0.0001
HF606_aug570,attack,attack,False,False,0.0,0.0002
HF334,benign,benign,False,False,0.0,0.0002
HF282,benign,benign,False,False,0.0,0.0002
HF561,benign,benign,False,False,0.0,0.0002
HF284,benign,benign,False,False,0.0,0.0002
HF112_aug85,benign,benign,False,False,0.0,0.0002
HF539_aug298,attack,attack,True,True,1.0,0.0001
HF227_aug219,benign,benign,False,False,0.0,0.0002
HF663,attack,attack,True,True,1.0,0.0001
HF62,benign,benign,False,False,0.0,0.0002
HF69_aug210,benign,benign,False,False,0.0,0.0002
HF291_aug748,attack,attack,True,True,1.0,0.0002
HF440,benign,benign,False,False,0.0,0.0002
HF242_aug74,benign,benign,False,False,0.0,0.0002
HF100_aug326,attack,attack,True,True,1.0,0.0002
HF546_aug144,attack,attack,True,True,1.0,0.0001
HF537,benign,benign,False,False,0.0,0.0001
HF497_aug415,benign,benign,False,False,0.0,0.0002
HF65,benign,benign,False,False,0.0,0.0003
HF655_aug427,benign,benign,False,False,0.0,0.0003
HF602,benign,benign,False,False,0.0,0.0001
HF351_aug399,attack,attack,True,True,1.0,0.0001
HF390,benign,benign,False,False,0.0,0.0002
HF265_aug41,attack,attack,False,False,0.0,0.0002
HF470,benign,benign,False,False,0.0,0.0001
HF86,benign,benign,False,False,0.0,0.0002
HF648,benign,benign,False,False,0.0,0.0002
HF639_aug110,attack,attack,True,True,1.0,0.0002
HF43_aug233,attack,attack,True,True,1.0,0.0001
HF124_aug353,benign,benign,False,False,0.0,0.0002
HF458,benign,benign,False,False,0.0,0.0001
HF206_aug106,attack,attack,True,True,1.0,0.0002
HF444_aug228,attack,attack,False,False,0.0,0.0002
HF110_aug458,attack,attack,True,True,1.0,0.0001
HF469_aug168,attack,attack,True,True,1.0,0.0001
HF720_aug364,attack,attack,False,False,0.0,0.0002
HF522_aug777,attack,attack,True,True,1.0,0.0002
HF673,attack,attack,True,True,1.0,0.0001
HF503,benign,benign,False,False,0.0,0.0002
HF11_aug419,attack,attack,True,True,1.0,0.0002
HF504_aug616,attack,attack,True,True,1.0,0.0002
HF271,benign,benign,False,False,0.0,0.0002
HF120_aug750,attack,attack,True,True,1.0,0.0001
HF582,benign,benign,False,False,0.0,0.0002
HF617_aug295,benign,benign,False,False,0.0,0.0002
HF369_aug720,attack,attack,True,True,1.0,0.0002
HF94,benign,benign,False,False,0.0,0.0002
HF606_aug94,attack,attack,True,True,1.0,0.0001
HF161_aug764,attack,attack,True,True,1.0,0.0002
HF547_aug259,attack,attack,True,True,1.0,0.0002
HF421,benign,benign,False,False,0.0,0.0002
HF247,benign,benign,False,False,0.0,0.0001
HF632_aug175,attack,attack,False,False,0.0,0.0002
HF95_aug596,attack,attack,False,False,0.0,0.0002
HF137,benign,benign,False,False,0.0,0.0002
HF383,attack,attack,True,True,1.0,0.0002
HF446,attack,attack,False,False,0.0,0.0002
HF693_aug450,benign,benign,False,False,0.0,0.0002
HF11_aug636,attack,attack,True,True,1.0,0.0002
HF326_aug153,attack,attack,True,True,1.0,0.0002
HF523_aug71,benign,benign,False,False,0.0,0.0002
HF539_aug480,attack,attack,True,True,1.0,0.0002
HF430_aug610,attack,attack,True,True,1.0,0.0001
HF541_aug135,benign,benign,False,False,0.0,0.0002
HF691_aug7,attack,attack,True,True,1.0,0.0001
HF676,benign,benign,False,False,0.0,0.0002
HF504,attack,attack,True,True,1.0,0.0002
HF364_aug429,benign,benign,False,False,0.0,0.0002
HF473,benign,benign,False,False,0.0,0.0002
HF390_aug252,benign,benign,False,False,0.0,0.0001
HF731_aug29,benign,benign,False,False,0.0,0.0003
HF252,benign,benign,False,False,0.0,0.0002
HF545,benign,benign,False,False,0.0,0.0002
HF571_aug270,benign,benign,False,False,0.0,0.0002
HF351_aug509,attack,attack,False,False,0.0,0.0002
HF297_aug248,benign,benign,False,False,0.0,0.0002
HF430_aug690,attack,attack,True,True,1.0,0.0001
HF351_aug657,attack,attack,True,True,1.0,0.0001
HF51,attack,attack,False,False,0.0,0.0002
HF718_aug149,benign,benign,False,False,0.0,0.0001
HF588,benign,benign,False,False,0.0,0.0001
HF351_aug80,attack,attack,True,True,1.0,0.0001
HF372_aug608,attack,attack,True,True,1.0,0.0002
HF475,benign,benign,False,False,0.0,0.0001
HF650_aug89,attack,attack,True,True,1.0,0.0001
HF396_aug552,attack,attack,True,True,1.0,0.0001
HF120_aug424,attack,attack,True,True,1.0,0.0001
HF170_aug741,attack,attack,True,True,1.0,0.0002
HF120_aug659,attack,attack,True,True,1.0,0.0001
HF461,attack,attack,True,True,1.0,0.0001
HF245,benign,benign,False,False,0.0,0.0002
HF749_aug121,attack,attack,True,True,1.0,0.0001
HF121,benign,benign,False,False,0.0,0.0001
HF258_aug641,attack,attack,True,True,1.0,0.0002
HF326_aug761,attack,attack,True,True,1.0,0.0001
HF69_aug319,benign,benign,False,False,0.0,0.0002
HF745_aug663,attack,attack,False,False,0.0,0.0002
HF161_aug719,attack,attack,True,True,1.0,0.0001
HF358_aug493,attack,attack,True,True,1.0,0.0002
HF551_aug13,attack,attack,True,True,1.0,0.0001
HF295_aug235,benign,benign,False,False,0.0,0.0001
HF362,benign,benign,False,False,0.0,0.0002
HF562,attack,attack,True,True,1.0,0.0002
HF74,benign,benign,False,False,0.0,0.0002
HF161_aug786,attack,attack,False,False,0.0,0.0001
HF638_aug639,attack,attack,True,True,1.0,0.0001
HF606_aug432,attack,attack,False,False,0.0,0.0002
HF469_aug314,attack,attack,True,True,1.0,0.0002
HF589,benign,benign,False,False,0.0,0.0002
HF710_aug202,benign,benign,False,False,0.0,0.0002
HF551_aug395,attack,attack,True,True,1.0,0.0001
HF732,attack,attack,True,True,1.0,0.0001
HF491_aug238,benign,benign,False,False,0.0,0.0002
HF11_aug667,attack,attack,True,True,1.0,0.0002
HF203_aug208,attack,attack,True,True,1.0,0.0002
HF351,attack,attack,True,True,1.0,0.0002
HF1,benign,benign,False,False,0.0,0.0002
HF694,benign,benign,False,False,0.0,0.0003
HF556,attack,attack,True,True,1.0,0.0005
HF638_aug217,attack,attack,False,False,0.0,0.0005
HF227_aug257,benign,benign,False,False,0.0,0.0007
HF396_aug275,attack,attack,False,False,0.0,0.0003
HF137_aug310,benign,benign,False,False,0.0,0.0002
HF691_aug466,attack,attack,True,True,1.0,0.0002
HF577,benign,benign,False,False,0.0,0.0002
HF641_aug326,benign,benign,False,False,0.0,0.0002
HF417,benign,benign,False,False,0.0,0.0002
HF243_aug245,attack,attack,True,True,1.0,0.0002
HF387_aug351,attack,attack,True,True,1.0,0.0002
HF660,attack,attack,True,True,1.0,0.0002
HF188_aug188,attack,attack,True,True,1.0,0.0001
HF326_aug376,attack,attack,True,True,1.0,0.0002
HF652,benign,benign,False,False,0.0,0.0002
HF343_aug161,benign,benign,False,False,0.0,0.0002
HF400,benign,benign,False,False,0.0,0.0002
HF523_aug99,benign,benign,False,False,0.0,0.0002
HF29,benign,benign,False,False,0.0,0.0002
HF307_aug618,attack,attack,False,False,0.0,0.0002
HF168_aug279,benign,benign,False,False,0.0,0.0002
HF333_aug782,attack,attack,True,True,1.0,0.0002
HF472,benign,benign,False,False,0.0,0.0002
HF319_aug462,attack,attack,True,True,1.0,0.0002
HF511,attack,attack,False,False,0.0,0.0002
HF707,benign,benign,False,False,0.0,0.0002
HF590,benign,benign,False,False,0.0,0.0002
HF167_aug662,attack,attack,False,False,0.0,0.0002
HF351_aug219,attack,attack,True,True,1.0,0.0002
HF696_aug434,attack,attack,False,False,0.0,0.0002
HF566,benign,benign,False,False,0.0,0.0001
HF333_aug597,attack,attack,False,False,0.0,0.0002
HF563,benign,benign,False,False,0.0,0.0002
HF105_aug413,attack,attack,True,True,1.0,0.0001
HF253_aug92,attack,attack,False,False,0.0,0.0002
HF391_aug721,attack,attack,False,False,0.0,0.0002
HF373,benign,benign,False,False,0.0,0.0002
HF26_aug357,benign,benign,False,False,0.0,0.0002
HF316,attack,attack,True,True,1.0,0.0002
HF154,attack,attack,True,True,1.0,0.0002
HF565_aug256,benign,benign,False,False,0.0,0.0002
HF601_aug388,benign,benign,False,False,0.0,0.0002
HF468,attack,attack,False,False,0.0,0.0002
HF2,benign,benign,False,False,0.0,0.0002
HF224,benign,benign,False,False,0.0,0.0002
HF128,benign,benign,False,False,0.0,0.0002
HF342_aug309,benign,benign,False,False,0.0,0.0002
HF480,benign,benign,False,False,0.0,0.0001
HF685,benign,benign,False,False,0.0,0.0001
HF616,attack,attack,True,True,1.0,0.0002
HF195_aug522,attack,attack,True,True,1.0,0.0002
HF551_aug88,attack,attack,True,True,1.0,0.0002
HF290,benign,benign,False,False,0.0,0.0002
HF576_aug43,benign,benign,False,False,0.0,0.0002
HF364_aug351,benign,benign,False,False,0.0,0.0002
HF388_aug96,benign,benign,False,False,0.0,0.0002
HF502,benign,benign,False,False,0.0,0.0001
HF265_aug576,attack,attack,True,True,1.0,0.0001
HF410_aug637,attack,attack,True,True,1.0,0.0001
HF159_aug146,attack,attack,False,False,0.0,0.0002
HF581_aug399,benign,benign,False,False,0.0,0.0002
HF195_aug369,attack,attack,True,True,1.0,0.0002
HF539_aug715,attack,attack,False,False,0.0,0.0002
HF539_aug774,attack,attack,True,True,1.0,0.0001
HF216_aug368,benign,benign,False,False,0.0,0.0002
HF641,benign,benign,False,False,0.0,0.0001
HF706_aug46,benign,benign,False,False,0.0,0.0001
HF442,benign,benign,False,False,0.0,0.0002
HF655_aug299,benign,benign,False,False,0.0,0.0001
HF490,attack,attack,True,True,1.0,0.0001
HF394_aug256,attack,attack,False,False,0.0,0.0002
HF110_aug173,attack,attack,True,True,1.0,0.0001
HF476,benign,benign,False,False,0.0,0.0002
HF8_aug131,attack,attack,True,True,1.0,0.0001
HF226,benign,benign,False,False,0.0,0.0002
HF14_aug215,benign,benign,False,False,0.0,0.0001
HF623,benign,benign,False,False,0.0,0.0002
HF167_aug614,attack,attack,True,True,1.0,0.0001
HF157,benign,benign,False,False,0.0,0.0002
HF7,benign,benign,False,False,0.0,0.0002
HF626_aug311,benign,benign,False,False,0.0,0.0002
HF357_aug409,benign,benign,False,False,0.0,0.0002
HF548_aug305,benign,benign,False,False,0.0,0.0002
HF113_aug708,attack,attack,True,True,1.0,0.0001
HF641_aug384,benign,benign,False,False,0.0,0.0002
HF177,benign,benign,False,False,0.0,0.0002
HF547_aug126,attack,attack,True,True,1.0,0.0002
HF343,benign,benign,False,False,0.0,0.0002
HF246_aug116,attack,attack,True,True,1.0,0.0002
HF189_aug144,benign,benign,False,False,0.0,0.0002
HF499,benign,benign,False,False,0.0,0.0002
HF695_aug187,benign,benign,False,False,0.0,0.0002
HF636,attack,attack,True,True,1.0,0.0002
HF58,attack,attack,True,True,1.0,0.0001
HF471_aug381,benign,benign,False,False,0.0,0.0002
HF640,attack,attack,True,True,1.0,0.0002
HF691_aug447,attack,attack,True,True,1.0,0.0001
HF77,benign,benign,False,False,0.0,0.0002
HF246_aug58,attack,attack,True,True,1.0,0.0002
HF509,benign,benign,False,False,0.0,0.0002
HF202_aug3,benign,benign,False,False,0.0,0.0002
HF170_aug699,attack,attack,True,True,1.0,0.0002
HF522_aug470,attack,attack,True,True,1.0,0.0002
HF11_aug56,attack,attack,False,False,0.0,0.0001
HF663_aug642,attack,attack,True,True,1.0,0.0002
HF639_aug665,attack,attack,True,True,1.0,0.0002
HF565_aug254,benign,benign,False,False,0.0,0.0001
HF496,attack,attack,True,True,1.0,0.0001
HF170_aug691,attack,attack,False,False,0.0,0.0001
HF692_aug292,benign,benign,False,False,0.0,0.0002
HF612_aug347,attack,attack,True,True,1.0,0.0002
HF120_aug117,attack,attack,True,True,1.0,0.0001
HF719,benign,benign,False,False,0.0,0.0002
HF491_aug260,benign,benign,False,False,0.0,0.0001
HF248,benign,benign,False,False,0.0,0.0002
HF265_aug356,attack,attack,True,True,1.0,0.0002
HF498,attack,attack,True,True,1.0,0.0002
HF599_aug189,benign,benign,False,False,0.0,0.0001
HF265_aug329,attack,attack,True,True,1.0,0.0001
HF522_aug22,attack,attack,True,True,1.0,0.0001
HF430_aug521,attack,attack,True,True,1.0,0.0002
HF628_aug584,attack,attack,True,True,1.0,0.0001
HF59_aug172,benign,benign,False,False,0.0,0.0002
HF10,benign,benign,False,False,0.0,0.0002
HF100_aug207,attack,attack,True,True,1.0,0.0001
HF516_aug123,attack,attack,True,True,1.0,0.0001
HF371_aug220,benign,benign,False,False,0.0,0.0002
HF243_aug97,attack,attack,True,True,1.0,0.0001
HF364,benign,benign,False,False,0.0,0.0002
HF46_aug400,benign,benign,False,False,0.0,0.0002
HF105,attack,attack,True,True,1.0,0.0001
HF436_aug313,benign,benign,False,False,0.0,0.0001
HF504_aug512,attack,attack,True,True,1.0,0.0002
HF13,benign,benign,False,False,0.0,0.0001
HF723,attack,attack,True,True,1.0,0.0002
HF100_aug238,attack,attack,True,True,1.0,0.0001
HF8_aug371,attack,attack,True,True,1.0,0.0002
HF445_aug744,attack,attack,True,True,1.0,0.0001
HF556_aug795,attack,attack,True,True,1.0,0.0002
HF387_aug301,attack,attack,True,True,1.0,0.0002
HF547_aug403,attack,attack,True,True,1.0,0.0001
HF705_aug171,benign,benign,False,False,0.0,0.0002
HF230,benign,benign,False,False,0.0,0.0001
HF629_aug241,benign,benign,False,False,0.0,0.0002
HF749_aug644,attack,attack,False,False,0.0,0.0002
HF17,attack,attack,False,False,0.0,0.0002
HF399,benign,benign,False,False,0.0,0.0002
HF308,benign,benign,False,False,0.0,0.0002
HF82_aug265,attack,attack,True,True,1.0,0.0001
HF638_aug119,attack,attack,True,True,1.0,0.0002
HF36,attack,attack,False,False,0.0,0.0002
HF720_aug20,attack,attack,False,False,0.0,0.0002
HF521,benign,benign,False,False,0.0,0.0002
HF120_aug345,attack,attack,True,True,1.0,0.0002
HF657_aug26,attack,attack,True,True,1.0,0.0002
HF152,attack,attack,True,True,1.0,0.0002
HF43_aug340,attack,attack,True,True,1.0,0.0002
HF265_aug40,attack,attack,False,False,0.0,0.0002
HF745_aug696,attack,attack,True,True,1.0,0.0002
HF190,benign,benign,False,False,0.0,0.0002
HF613,benign,benign,False,False,0.0,0.0002
HF257_aug323,benign,benign,False,False,0.0,0.0003
HF349_aug640,attack,attack,False,False,0.0,0.0002
HF578,benign,benign,False,False,0.0,0.0002
HF138_aug108,benign,benign,False,False,0.0,0.0002
HF164_aug424,benign,benign,False,False,0.0,0.0002
HF8_aug459,attack,attack,True,True,1.0,0.0001
HF294,benign,benign,False,False,0.0,0.0002
HF504_aug112,attack,attack,True,True,1.0,0.0001
HF265_aug489,attack,attack,False,False,0.0,0.0002
HF692,benign,benign,False,False,0.0,0.0002
HF159_aug222,attack,attack,True,True,1.0,0.0002
HF8_aug392,attack,attack,False,False,0.0,0.0002
HF155_aug418,benign,benign,False,False,0.0,0.0001
HF368_aug420,attack,attack,True,True,1.0,0.0001
HF238,benign,benign,False,False,0.0,0.0002
HF55,benign,benign,False,False,0.0,0.0001
HF606_aug25,attack,attack,False,False,0.0,0.0002
HF162,benign,benign,False,False,0.0,0.0002
HF462,benign,benign,False,False,0.0,0.0001
HF438,benign,benign,False,False,0.0,0.0002
HF233,attack,attack,True,True,1.0,0.0002
HF103,attack,attack,True,True,1.0,0.0001
HF515,attack,attack,False,False,0.0,0.0001
HF253_aug334,attack,attack,True,True,1.0,0.0001
HF351_aug609,attack,attack,True,True,1.0,0.0002
HF634,benign,benign,False,False,0.0,0.0002
HF310,attack,attack,True,True,1.0,0.0001
HF309_aug115,benign,benign,False,False,0.0,0.0002
HF568_aug100,benign,benign,False,False,0.0,0.0002
HF545_aug259,benign,benign,False,False,0.0,0.0001
HF404_aug272,benign,benign,False,False,0.0,0.0002
HF241_aug31,benign,benign,False,False,0.0,0.0009
HF205,benign,benign,False,False,0.0,0.0004
HF650_aug160,attack,attack,True,True,1.0,0.0003
HF189_aug66,benign,benign,False,False,0.0,0.0005
HF242_aug320,benign,benign,False,False,0.0,0.0003
HF32,benign,benign,False,False,0.0,0.0004
HF37,benign,benign,False,False,0.0,0.0004
HF422,benign,benign,False,False,0.0,0.0003
HF494,benign,benign,False,False,0.0,0.0002
HF202_aug185,benign,benign,False,False,0.0,0.0002
HF396_aug463,attack,attack,True,True,1.0,0.0002
HF358_aug162,attack,attack,False,False,0.0,0.0003
HF268,attack,attack,True,True,1.0,0.0002
HF110,attack,attack,True,True,1.0,0.0002
HF597,benign,benign,False,False,0.0,0.0003
HF369_aug323,attack,attack,True,True,1.0,0.0002
HF594_aug289,benign,benign,False,False,0.0,0.0003
HF188,attack,attack,True,True,1.0,0.0002
HF538_aug436,attack,attack,True,True,1.0,0.0002
HF103_aug100,attack,attack,False,False,0.0,0.0002
HF444_aug516,attack,attack,True,True,1.0,0.0001
HF678_aug422,attack,attack,True,True,1.0,0.0001
HF41,attack,attack,True,True,1.0,0.0001
HF253_aug601,attack,attack,True,True,1.0,0.0001
HF64,benign,benign,False,False,0.0,0.0002
HF206_aug134,attack,attack,True,True,1.0,0.0001
HF170,attack,attack,True,True,1.0,0.0002
HF649_aug218,benign,benign,False,False,0.0,0.0002
HF386,attack,attack,True,True,1.0,0.0001
HF522_aug147,attack,attack,False,False,0.0,0.0002
HF107,benign,benign,False,False,0.0,0.0002
HF396_aug36,attack,attack,False,False,0.0,0.0002
HF333_aug11,attack,attack,False,False,0.0,0.0003
HF587_aug230,benign,benign,False,False,0.0,0.0002
HF198,benign,benign,False,False,0.0,0.0002
HF203_aug591,attack,attack,True,True,1.0,0.0002
HF573_aug41,benign,benign,False,False,0.0,0.0001
HF671_aug37,benign,benign,False,False,0.0,0.0001
HF278_aug126,benign,benign,False,False,0.0,0.0002
HF691_aug321,attack,attack,True,True,1.0,0.0002
HF547_aug30,attack,attack,True,True,1.0,0.0002
HF243_aug442,attack,attack,True,True,1.0,0.0002
HF697,benign,benign,False,False,0.0,0.0002
HF504_aug331,attack,attack,True,True,1.0,0.0001
HF521_aug396,benign,benign,False,False,0.0,0.0002
HF657_aug401,attack,attack,True,True,1.0,0.0002
HF459,benign,benign,False,False,0.0,0.0002
HF96,benign,benign,False,False,0.0,0.0002
HF423,benign,benign,False,False,0.0,0.0002
HF206,attack,attack,True,True,1.0,0.0001
HF365,benign,benign,False,False,0.0,0.0002
HF326,attack,attack,True,True,1.0,0.0001
HF743_aug464,attack,attack,False,False,0.0,0.0001
HF445_aug78,attack,attack,True,True,1.0,0.0001
HF156,benign,benign,False,False,0.0,0.0001
HF351_aug157,attack,attack,True,True,1.0,0.0001
HF184,benign,benign,False,False,0.0,0.0002
HF237,benign,benign,False,False,0.0,0.0002
HF387_aug645,attack,attack,True,True,1.0,0.0001
HF713,benign,benign,False,False,0.0,0.0002
HF396,attack,attack,True,True,1.0,0.0001
HF159,attack,attack,False,False,0.0,0.0002
HF445,attack,attack,True,True,1.0,0.0002
HF546_aug2,attack,attack,True,True,1.0,0.0001
HF180,attack,attack,True,True,1.0,0.0001
HF358_aug343,attack,attack,True,True,1.0,0.0002
HF243,attack,attack,True,True,1.0,0.0001
HF278_aug195,benign,benign,False,False,0.0,0.0002
HF683_aug2,benign,benign,False,False,0.0,0.0002
HF678,attack,attack,True,True,1.0,0.0002
HF493,attack,attack,True,True,1.0,0.0002
HF504_aug697,attack,attack,True,True,1.0,0.0001
HF206_aug594,attack,attack,True,True,1.0,0.0001
HF469,attack,attack,True,True,1.0,0.0001
HF281,attack,attack,False,False,0.0,0.0002
HF573_aug441,benign,benign,False,False,0.0,0.0001
HF739,benign,benign,False,False,0.0,0.0002
HF743_aug339,attack,attack,True,True,1.0,0.0001
HF460_aug123,benign,benign,False,False,0.0,0.0002
HF539_aug781,attack,attack,False,False,0.0,0.0002
HF628,attack,attack,False,False,0.0,0.0001
HF206_aug46,attack,attack,True,True,1.0,0.0002
HF161_aug244,attack,attack,False,False,0.0,0.0002
HF705,benign,benign,False,False,0.0,0.0001
HF110_aug656,attack,attack,True,True,1.0,0.0001
HF295,benign,benign,False,False,0.0,0.0002
HF354,attack,attack,True,True,1.0,0.0001
HF633_aug428,benign,benign,False,False,0.0,0.0001
HF215_aug535,attack,attack,True,True,1.0,0.0002
HF353,benign,benign,False,False,0.0,0.0002
HF369,attack,attack,True,True,1.0,0.0001
HF556_aug232,attack,attack,True,True,1.0,0.0001
HF265,attack,attack,True,True,1.0,0.0001
HF705_aug246,benign,benign,False,False,0.0,0.0002
HF328,benign,benign,False,False,0.0,0.0002
HF539_aug716,attack,attack,True,True,1.0,0.0002
HF729_aug166,benign,benign,False,False,0.0,0.0001
HF404_aug125,benign,benign,False,False,0.0,0.0002
HF297_aug75,benign,benign,False,False,0.0,0.0002
HF316_aug560,attack,attack,True,True,1.0,0.0001
HF90_aug787,attack,attack,True,True,1.0,0.0001
HF233_aug186,attack,attack,True,True,1.0,0.0001
HF172_aug33,attack,attack,True,True,1.0,0.0001
HF695,benign,benign,False,False,0.0,0.0002
HF628_aug65,attack,attack,True,True,1.0,0.0002
HF262,benign,benign,False,False,0.0,0.0001
HF419,attack,attack,True,True,1.0,0.0001
HF733_aug61,benign,benign,False,False,0.0,0.0002
HF547_aug471,attack,attack,True,True,1.0,0.0002
HF172_aug47,attack,attack,False,False,0.0,0.0001
HF618,benign,benign,False,False,0.0,0.0002
HF565_aug449,benign,benign,False,False,0.0,0.0002
HF340,attack,attack,True,True,1.0,0.0001
HF132,attack,attack,True,True,1.0,0.0001
HF630,benign,benign,False,False,0.0,0.0002
HF306_aug122,benign,benign,False,False,0.0,0.0001
HF8_aug246,attack,attack,True,True,1.0,0.0002
HF639_aug514,attack,attack,True,True,1.0,0.0001
HF721_aug264,benign,benign,False,False,0.0,0.0002
HF708,benign,benign,False,False,0.0,0.0002
HF3,attack,attack,True,True,1.0,0.0002
HF523,benign,benign,False,False,0.0,0.0002
HF136,benign,benign,False,False,0.0,0.0002
HF146,benign,benign,False,False,0.0,0.0002
HF315,benign,benign,False,False,0.0,0.0002
HF293,attack,attack,False,False,0.0,0.0002
HF401,benign,benign,False,False,0.0,0.0002
HF469_aug474,attack,attack,True,True,1.0,0.0002
HF54_aug375,benign,benign,False,False,0.0,0.0002
HF61,benign,benign,False,False,0.0,0.0002
HF326_aug568,attack,attack,True,True,1.0,0.0001
HF241_aug401,benign,benign,False,False,0.0,0.0002
HF389,benign,benign,False,False,0.0,0.0002
HF618_aug35,benign,benign,False,False,0.0,0.0002
HF670,benign,benign,False,False,0.0,0.0002
HF546_aug202,attack,attack,True,True,1.0,0.0001
HF93_aug182,benign,benign,False,False,0.0,0.0002
HF416,benign,benign,False,False,0.0,0.0002
HF474,benign,benign,False,False,0.0,0.0002
HF381,attack,attack,False,False,0.0,0.0001
HF410_aug486,attack,attack,True,True,1.0,0.0001
HF424,benign,benign,False,False,0.0,0.0002
HF291_aug624,attack,attack,True,True,1.0,0.0001
HF211,attack,attack,True,True,1.0,0.0002
HF606_aug650,attack,attack,False,False,0.0,0.0002
HF491,benign,benign,False,False,0.0,0.0001
HF628_aug21,attack,attack,True,True,1.0,0.0001
HF516,attack,attack,True,True,1.0,0.0001
HF118,benign,benign,False,False,0.0,0.0002
HF152_aug171,attack,attack,True,True,1.0,0.0002
HF581,benign,benign,False,False,0.0,0.0002
HF202,benign,benign,False,False,0.0,0.0002
HF366_aug281,benign,benign,False,False,0.0,0.0002
HF679,benign,benign,False,False,0.0,0.0002
HF573_aug56,benign,benign,False,False,0.0,0.0002
HF375,benign,benign,False,False,0.0,0.0002
HF44,attack,attack,True,True,1.0,0.0002
HF291_aug247,attack,attack,True,True,1.0,0.0002
HF354_aug506,attack,attack,True,True,1.0,0.0002
HF145_aug53,attack,attack,True,True,1.0,0.0002
HF159_aug680,attack,attack,True,True,1.0,0.0003
HF188_aug187,attack,attack,False,False,0.0,0.0002
HF307_aug706,attack,attack,True,True,1.0,0.0001
HF639_aug722,attack,attack,True,True,1.0,0.0002
HF529_aug158,benign,benign,False,False,0.0,0.0002
HF325,benign,benign,False,False,0.0,0.0002
HF547_aug258,attack,attack,True,True,1.0,0.0001
HF374,benign,benign,False,False,0.0,0.0002
HF178_aug214,benign,benign,False,False,0.0,0.0002
HF236,benign,benign,False,False,0.0,0.0002
HF632_aug756,attack,attack,True,True,1.0,0.0002
HF291_aug299,attack,attack,True,True,1.0,0.0001
HF606_aug537,attack,attack,False,False,0.0,0.0002
HF148_aug304,benign,benign,False,False,0.0,0.0002
HF11_aug666,attack,attack,True,True,1.0,0.0001
HF394_aug529,attack,attack,True,True,1.0,0.0001
HF606_aug337,attack,attack,True,True,1.0,0.0001
HF283,benign,benign,False,False,0.0,0.0002
HF100_aug495,attack,attack,False,False,0.0,0.0002
HF544,benign,benign,False,False,0.0,0.0002
HF525,benign,benign,False,False,0.0,0.0002
HF207,benign,benign,False,False,0.0,0.0001
HF38,benign,benign,False,False,0.0,0.0002
HF639_aug170,attack,attack,True,True,1.0,0.0001
HF246_aug465,attack,attack,False,False,0.0,0.0002
HF718,benign,benign,False,False,0.0,0.0003
HF319_aug155,attack,attack,True,True,1.0,0.0001
HF522_aug765,attack,attack,False,False,0.0,0.0001
HF547_aug581,attack,attack,True,True,1.0,0.0001
HF628_aug533,attack,attack,True,True,1.0,0.0002
HF46,benign,benign,False,False,0.0,0.0001
HF430_aug768,attack,attack,True,True,1.0,0.0001
HF717,benign,benign,False,False,0.0,0.0002
HF668,benign,benign,False,False,0.0,0.0001
HF715,benign,benign,False,False,0.0,0.0002
HF672,benign,benign,False,False,0.0,0.0003
HF641_aug97,benign,benign,False,False,0.0,0.0003
HF348,benign,benign,False,False,0.0,0.0003
HF631_aug148,benign,benign,False,False,0.0,0.0002
HF202_aug204,benign,benign,False,False,0.0,0.0003
HF330,benign,benign,False,False,0.0,0.0002
HF516_aug683,attack,attack,True,True,1.0,0.0001
HF275,attack,attack,True,True,1.0,0.0002
HF241,benign,benign,False,False,0.0,0.0002
HF551_aug612,attack,attack,False,False,0.0,0.0003
HF398,benign,benign,False,False,0.0,0.0002
HF333_aug469,attack,attack,True,True,1.0,0.0002
HF727,benign,benign,False,False,0.0,0.0002
HF195,attack,attack,False,False,0.0,0.0001
HF477,attack,attack,False,False,0.0,0.0002
HF200,benign,benign,False,False,0.0,0.0002
HF504_aug731,attack,attack,True,True,1.0,0.0001
HF93_aug139,benign,benign,False,False,0.0,0.0002
HF691_aug621,attack,attack,True,True,1.0,0.0002
HF298,benign,benign,False,False,0.0,0.0001
HF103_aug302,attack,attack,True,True,1.0,0.0001
HF42_aug229,benign,benign,False,False,0.0,0.0002
HF386_aug145,attack,attack,True,True,1.0,0.0002
HF539_aug184,attack,attack,True,True,1.0,0.0001
HF30,benign,benign,False,False,0.0,0.0002
HF99_aug692,attack,attack,True,True,1.0,0.0002
HF547_aug626,attack,attack,True,True,1.0,0.0001
HF297_aug347,benign,benign,False,False,0.0,0.0003
HF720_aug273,attack,attack,False,False,0.0,0.0002
HF643,benign,benign,False,False,0.0,0.0002
HF611,benign,benign,False,False,0.0,0.0002
HF356_aug36,benign,benign,False,False,0.0,0.0002
HF188_aug450,attack,attack,True,True,1.0,0.0001
HF650,attack,attack,True,True,1.0,0.0001
HF214,benign,benign,False,False,0.0,0.0002
HF150,attack,attack,True,True,1.0,0.0002
HF504_aug511,attack,attack,False,False,0.0,0.0002
HF321,attack,attack,True,True,1.0,0.0002
HF561_aug391,benign,benign,False,False,0.0,0.0002
HF287,benign,benign,False,False,0.0,0.0002
HF293_aug673,attack,attack,True,True,1.0,0.0002
HF488,benign,benign,False,False,0.0,0.0002
HF388_aug344,benign,benign,False,False,0.0,0.0002
HF125,benign,benign,False,False,0.0,0.0002
HF222,benign,benign,False,False,0.0,0.0002
HF529_aug236,benign,benign,False,False,0.0,0.0002
HF571_aug413,benign,benign,False,False,0.0,0.0002
HF650_aug297,attack,attack,True,True,1.0,0.0002
HF90_aug136,attack,attack,True,True,1.0,0.0002
HF263,benign,benign,False,False,0.0,0.0002
HF113,attack,attack,True,True,1.0,0.0002
HF301,benign,benign,False,False,0.0,0.0003
HF558,benign,benign,False,False,0.0,0.0002
HF14_aug275,benign,benign,False,False,0.0,0.0002
HF316_aug743,attack,attack,False,False,0.0,0.0002
HF638,attack,attack,True,True,1.0,0.0002
HF564,benign,benign,False,False,0.0,0.0003
HF278,benign,benign,False,False,0.0,0.0001
HF350,benign,benign,False,False,0.0,0.0002
HF202_aug68,benign,benign,False,False,0.0,0.0002
HF396_aug710,attack,attack,False,False,0.0,0.0002
HF638_aug289,attack,attack,True,True,1.0,0.0002
HF120_aug751,attack,attack,True,True,1.0,0.0002
HF131,benign,benign,False,False,0.0,0.0002
HF40,benign,benign,False,False,0.0,0.0002
HF159_aug385,attack,attack,True,True,1.0,0.0002
HF539_aug548,attack,attack,True,True,1.0,0.0002
HF110_aug455,attack,attack,True,True,1.0,0.0001
HF188_aug32,attack,attack,True,True,1.0,0.0002
HF145_aug530,attack,attack,True,True,1.0,0.0002
HF390_aug443,benign,benign,False,False,0.0,0.0002
HF155_aug87,benign,benign,False,False,0.0,0.0002
HF223,benign,benign,False,False,0.0,0.0002
HF642,benign,benign,False,False,0.0,0.0002
HF585,benign,benign,False,False,0.0,0.0002
HF542_aug82,benign,benign,False,False,0.0,0.0002
HF639_aug732,attack,attack,True,True,1.0,0.0001
HF292,benign,benign,False,False,0.0,0.0002
HF83,benign,benign,False,False,0.0,0.0002
HF391,attack,attack,True,True,1.0,0.0002
HF742,benign,benign,False,False,0.0,0.0002
HF538_aug366,attack,attack,False,False,0.0,0.0002
HF235,benign,benign,False,False,0.0,0.0002
HF244,benign,benign,False,False,0.0,0.0001
HF95_aug688,attack,attack,True,True,1.0,0.0002
HF170_aug745,attack,attack,True,True,1.0,0.0002
HF63,benign,benign,False,False,0.0,0.0002
HF489,benign,benign,False,False,0.0,0.0002
HF561_aug232,benign,benign,False,False,0.0,0.0002
HF609,benign,benign,False,False,0.0,0.0002
HF211_aug682,attack,attack,True,True,1.0,0.0002
HF483_aug127,benign,benign,False,False,0.0,0.0002
HF326_aug648,attack,attack,False,False,0.0,0.0002
HF340_aug532,attack,attack,True,True,1.0,0.0002
HF8_aug515,attack,attack,True,True,1.0,0.0001
HF686_aug252,attack,attack,True,True,1.0,0.0001
HF82_aug62,attack,attack,True,True,1.0,0.0002
HF266,attack,attack,True,True,1.0,0.0002
HF55_aug112,benign,benign,False,False,0.0,0.0002
HF639_aug242,attack,attack,True,True,1.0,0.0001
HF394_aug193,attack,attack,True,True,1.0,0.0001
HF658,attack,attack,True,True,1.0,0.0001
HF54,benign,benign,False,False,0.0,0.0002
HF700_aug190,benign,benign,False,False,0.0,0.0002
HF560,benign,benign,False,False,0.0,0.0002
HF529,benign,benign,False,False,0.0,0.0002
HF113_aug393,attack,attack,True,True,1.0,0.0002
HF208,attack,attack,True,True,1.0,0.0002
HF413,benign,benign,False,False,0.0,0.0003
HF396_aug670,attack,attack,True,True,1.0,0.0001
HF671,benign,benign,False,False,0.0,0.0002
HF731_aug333,benign,benign,False,False,0.0,0.0002
HF351_aug76,attack,attack,True,True,1.0,0.0002
HF145,attack,attack,True,True,1.0,0.0002
HF14_aug430,benign,benign,False,False,0.0,0.0002
HF170_aug460,attack,attack,False,False,0.0,0.0003
HF471_aug408,benign,benign,False,False,0.0,0.0002
HF605,benign,benign,False,False,0.0,0.0002
HF539_aug775,attack,attack,True,True,1.0,0.0001
HF1_aug26,benign,benign,False,False,0.0,0.0002
HF358_aug536,attack,attack,False,False,0.0,0.0002
HF716,attack,attack,True,True,1.0,0.0002
HF547_aug717,attack,attack,True,True,1.0,0.0001
HF11_aug254,attack,attack,False,False,0.0,0.0001
HF504_aug473,attack,attack,True,True,1.0,0.0001
HF103_aug558,attack,attack,True,True,1.0,0.0002
HF521_aug262,benign,benign,False,False,0.0,0.0002
HF565_aug57,benign,benign,False,False,0.0,0.0001
HF396_aug526,attack,attack,True,True,1.0,0.0001
HF120_aug210,attack,attack,True,True,1.0,0.0001
HF133,benign,benign,False,False,0.0,0.0002
HF159_aug623,attack,attack,True,True,1.0,0.0002
HF536_aug94,benign,benign,False,False,0.0,0.0002
HF358_aug414,attack,attack,True,True,1.0,0.0002
HF410,attack,attack,True,True,1.0,0.0001
HF551_aug215,attack,attack,True,True,1.0,0.0002
HF621_aug365,benign,benign,False,False,0.0,0.0002
HF113_aug767,attack,attack,True,True,1.0,0.0002
HF711_aug402,attack,attack,True,True,1.0,0.0001
HF59_aug373,benign,benign,False,False,0.0,0.0001
HF319,attack,attack,True,True,1.0,0.0001
HF632_aug646,attack,attack,True,True,1.0,0.0001
HF710,benign,benign,False,False,0.0,0.0002
HF390_aug372,benign,benign,False,False,0.0,0.0003
HF11_aug551,attack,attack,True,True,1.0,0.0002
HF90_aug296,attack,attack,True,True,1.0,0.0002
HF382,benign,benign,False,False,0.0,0.0001
HF454,benign,benign,False,False,0.0,0.0003
HF56,attack,attack,True,True,1.0,0.0001
HF113_aug194,attack,attack,True,True,1.0,0.0001
HF725_aug82,attack,attack,True,True,1.0,0.0003
HF84,benign,benign,False,False,0.0,0.0002
HF270,benign,benign,False,False,0.0,0.0002
HF151_aug199,benign,benign,False,False,0.0,0.0002
HF265_aug488,attack,attack,True,True,1.0,0.0001
HF529_aug207,benign,benign,False,False,0.0,0.0002
HF332_aug330,benign,benign,False,False,0.0,0.0002
HF100_aug487,attack,attack,True,True,1.0,0.0002
HF691_aug649,attack,attack,False,False,0.0,0.0002
HF579,attack,attack,True,True,1.0,0.0002
HF351_aug693,attack,attack,True,True,1.0,0.0001
HF112_aug30,benign,benign,False,False,0.0,0.0001
HF233_aug55,attack,attack,True,True,1.0,0.0001
HF243_aug133,attack,attack,True,True,1.0,0.0002
HF297_aug334,benign,benign,False,False,0.0,0.0002
HF50,benign,benign,False,False,0.0,0.0002
HF650_aug313,attack,attack,True,True,1.0,0.0001
HF485,benign,benign,False,False,0.0,0.0002
HF20,benign,benign,False,False,0.0,0.0001
HF551_aug566,attack,attack,False,False,0.0,0.0002
HF729_aug201,benign,benign,False,False,0.0,0.0002
HF203_aug559,attack,attack,True,True,1.0,0.0001
HF342,benign,benign,False,False,0.0,0.0002
HF285,benign,benign,False,False,0.0,0.0002
HF635,benign,benign,False,False,0.0,0.0001
HF332_aug438,benign,benign,False,False,0.0,0.0002
HF444_aug319,attack,attack,True,True,1.0,0.0001
HF100,attack,attack,True,True,1.0,0.0001
HF167_aug154,attack,attack,True,True,1.0,0.0001
HF384,benign,benign,False,False,0.0,0.0002
HF435,benign,benign,False,False,0.0,0.0005
HF55_aug137,benign,benign,False,False,0.0,0.0002
HF82_aug138,attack,attack,True,True,1.0,0.0001
HF145_aug229,attack,attack,False,False,0.0,0.0004
HF663_aug271,attack,attack,True,True,1.0,0.0002
HF351_aug15,attack,attack,True,True,1.0,0.0002
HF539_aug709,attack,attack,True,True,1.0,0.0002
HF317,benign,benign,False,False,0.0,0.0002
HF366_aug51,benign,benign,False,False,0.0,0.0002
HF15,benign,benign,False,False,0.0,0.0002
HF342_aug404,benign,benign,False,False,0.0,0.0002
HF333,attack,attack,False,False,0.0,0.0004
HF12,benign,benign,False,False,0.0,0.0002
HF89,benign,benign,False,False,0.0,0.0002
HF124,benign,benign,False,False,0.0,0.0002
HF693_aug369,benign,benign,False,False,0.0,0.0002
HF429,benign,benign,False,False,0.0,0.0002
HF743_aug494,attack,attack,True,True,1.0,0.0001
HF149_aug282,benign,benign,False,False,0.0,0.0001
HF8_aug794,attack,attack,True,True,1.0,0.0001
HF549,attack,attack,True,True,1.0,0.0001
HF134,benign,benign,False,False,0.0,0.0002
HF168_aug173,benign,benign,False,False,0.0,0.0001
HF542_aug452,benign,benign,False,False,0.0,0.0002
HF678_aug587,attack,attack,True,True,1.0,0.0001
HF11_aug378,attack,attack,True,True,1.0,0.0001
HF606_aug501,attack,attack,True,True,1.0,0.0002
HF296,benign,benign,False,False,0.0,0.0002
HF411,benign,benign,False,False,0.0,0.0002
HF339_aug120,benign,benign,False,False,0.0,0.0001
HF361,benign,benign,False,False,0.0,0.0002
HF522_aug285,attack,attack,True,True,1.0,0.0002
HF372_aug357,attack,attack,False,False,0.0,0.0003
HF201,benign,benign,False,False,0.0,0.0002
HF164,benign,benign,False,False,0.0,0.0002
HF522_aug599,attack,attack,False,False,0.0,0.0002
HF696_aug310,attack,attack,True,True,1.0,0.0001
HF258_aug431,attack,attack,True,True,1.0,0.0002
HF121_aug376,benign,benign,False,False,0.0,0.0002
HF278_aug242,benign,benign,False,False,0.0,0.0002
HF748,benign,benign,False,False,0.0,0.0003
HF216,benign,benign,False,False,0.0,0.0002
HF396_aug588,attack,attack,True,True,1.0,0.0002
HF415,attack,attack,True,True,1.0,0.0002
HF469_aug538,attack,attack,False,False,0.0,0.0002
HF257_aug145,benign,benign,False,False,0.0,0.0002
HF109,benign,benign,False,False,0.0,0.0002
HF265_aug628,attack,attack,True,True,1.0,0.0002
HF427,attack,attack,True,True,1.0,0.0001
HF354_aug454,attack,attack,True,True,1.0,0.0001
HF367_aug362,benign,benign,False,False,0.0,0.0003
HF215_aug433,attack,attack,True,True,1.0,0.0002
HF691_aug167,attack,attack,True,True,1.0,0.0001
HF39_aug66,attack,attack,True,True,1.0,0.0002
HF546_aug453,attack,attack,True,True,1.0,0.0002
HF639_aug733,attack,attack,True,True,1.0,0.0002
HF369_aug620,attack,attack,True,True,1.0,0.0001
HF539_aug664,attack,attack,True,True,1.0,0.0001
HF169,attack,attack,True,True,1.0,0.0002
HF520,benign,benign,False,False,0.0,0.0002
HF292_aug163,benign,benign,False,False,0.0,0.0002
HF316_aug789,attack,attack,True,True,1.0,0.0002
HF612_aug674,attack,attack,True,True,1.0,0.0002
HF606_aug571,attack,attack,True,True,1.0,0.0001
HF304,benign,benign,False,False,0.0,0.0002
HF48_aug454,benign,benign,False,False,0.0,0.0002
HF25,attack,attack,True,True,1.0,0.0002
HF5,benign,benign,False,False,0.0,0.0002
HF399_aug178,benign,benign,False,False,0.0,0.0002
HF638_aug61,attack,attack,True,True,1.0,0.0001
HF432_aug24,benign,benign,False,False,0.0,0.0001
HF308_aug285,benign,benign,False,False,0.0,0.0002
HF396_aug241,attack,attack,True,True,1.0,0.0001
HF4,benign,benign,False,False,0.0,0.0002
HF102,benign,benign,False,False,0.0,0.0001
HF253_aug635,attack,attack,False,False,0.0,0.0002
HF617_aug245,benign,benign,False,False,0.0,0.0002
HF340_aug102,attack,attack,True,True,1.0,0.0002
HF508,benign,benign,False,False,0.0,0.0002
HF545_aug12,benign,benign,False,False,0.0,0.0001
HF469_aug111,attack,attack,True,True,1.0,0.0002
HF538,attack,attack,True,True,1.0,0.0001
HF213,benign,benign,False,False,0.0,0.0002
HF297,benign,benign,False,False,0.0,0.0002
HF386_aug372,attack,attack,True,True,1.0,0.0002
HF175,attack,attack,True,True,1.0,0.0001
HF447_aug7,benign,benign,False,False,0.0,0.0002
HF291_aug524,attack,attack,True,True,1.0,0.0002
HF113_aug631,attack,attack,True,True,1.0,0.0002
HF526,benign,benign,False,False,0.0,0.0002
HF158,benign,benign,False,False,0.0,0.0002
HF234,benign,benign,False,False,0.0,0.0002
HF632_aug268,attack,attack,False,False,0.0,0.0002
HF743_aug769,attack,attack,True,True,1.0,0.0001
HF725_aug451,attack,attack,True,True,1.0,0.0001
HF293_aug197,attack,attack,True,True,1.0,0.0002
HF638_aug309,attack,attack,True,True,1.0,0.0002
HF333_aug118,attack,attack,True,True,1.0,0.0002
HF92,attack,attack,True,True,1.0,0.0002
HF349_aug482,attack,attack,True,True,1.0,0.0002
HF142,attack,attack,True,True,1.0,0.0001
HF612_aug700,attack,attack,True,True,1.0,0.0001
HF388_aug233,benign,benign,False,False,0.0,0.0002
HF291_aug625,attack,attack,True,True,1.0,0.0002
HF255_aug308,benign,benign,False,False,0.0,0.0002
HF265_aug205,attack,attack,True,True,1.0,0.0002
HF547_aug718,attack,attack,True,True,1.0,0.0002
HF167_aug335,attack,attack,False,False,0.0,0.0002
HF105_aug556,attack,attack,False,False,0.0,0.0002
HF366_aug359,benign,benign,False,False,0.0,0.0002
HF79,benign,benign,False,False,0.0,0.0002
HF280,benign,benign,False,False,0.0,0.0003
HF120_aug43,attack,attack,False,False,0.0,0.0002
HF576,benign,benign,False,False,0.0,0.0002
HF181,benign,benign,False,False,0.0,0.0002
HF316_aug582,attack,attack,True,True,1.0,0.0001
HF448_aug197,benign,benign,False,False,0.0,0.0002
HF243_aug287,attack,attack,True,True,1.0,0.0002
HF551,attack,attack,True,True,1.0,0.0001
HF469_aug759,attack,attack,True,True,1.0,0.0001
HF39_aug651,attack,attack,True,True,1.0,0.0002
HF434,benign,benign,False,False,0.0,0.0002
HF606_aug423,attack,attack,True,True,1.0,0.0001
HF725_aug483,attack,attack,True,True,1.0,0.0001
HF295_aug16,benign,benign,False,False,0.0,0.0002
HF233_aug367,attack,attack,False,False,0.0,0.0004
HF313_aug363,benign,benign,False,False,0.0,0.0003
HF85,attack,attack,True,True,1.0,0.0001
HF449,attack,attack,False,False,0.0,0.0003
HF483,benign,benign,False,False,0.0,0.0003
HF388,benign,benign,False,False,0.0,0.0002
HF605_aug423,benign,benign,False,False,0.0,0.0002
HF90_aug725,attack,attack,True,True,1.0,0.0002
HF469_aug778,attack,attack,True,True,1.0,0.0001
HF706_aug419,benign,benign,False,False,0.0,0.0002
HF711,attack,attack,True,True,1.0,0.0002
HF199,benign,benign,False,False,0.0,0.0002
HF430_aug790,attack,attack,True,True,1.0,0.0002
HF121_aug410,benign,benign,False,False,0.0,0.0002
HF399_aug111,benign,benign,False,False,0.0,0.0002
HF161_aug404,attack,attack,True,True,1.0,0.0002
HF665,attack,attack,True,True,1.0,0.0002
HF354_aug99,attack,attack,True,True,1.0,0.0002
HF469_aug294,attack,attack,True,True,1.0,0.0002
HF29_aug175,benign,benign,False,False,0.0,0.0002
HF192_aug164,benign,benign,False,False,0.0,0.0002
HF607_aug342,benign,benign,False,False,0.0,0.0002
HF323_aug446,benign,benign,False,False,0.0,0.0002
HF396_aug315,attack,attack,True,True,1.0,0.0002
HF502_aug439,benign,benign,False,False,0.0,0.0002
HF88,benign,benign,False,False,0.0,0.0002
HF639_aug274,attack,attack,True,True,1.0,0.0001
HF557,attack,attack,True,True,1.0,0.0002
HF338,benign,benign,False,False,0.0,0.0002
HF276,benign,benign,False,False,0.0,0.0002
HF82,attack,attack,True,True,1.0,0.0002
HF731,benign,benign,False,False,0.0,0.0003
HF93,benign,benign,False,False,0.0,0.0003
HF59_aug426,benign,benign,False,False,0.0,0.0002
HF358_aug344,attack,attack,True,True,1.0,0.0001
HF738,benign,benign,False,False,0.0,0.0002
HF43_aug456,attack,attack,True,True,1.0,0.0002
HF703_aug80,benign,benign,False,False,0.0,0.0002
HF24,benign,benign,False,False,0.0,0.0003
HF1_aug117,benign,benign,False,False,0.0,0.0001
HF693,benign,benign,False,False,0.0,0.0002
HF161_aug757,attack,attack,False,False,0.0,0.0002
HF357_aug336,benign,benign,False,False,0.0,0.0002
HF444_aug81,attack,attack,True,True,1.0,0.0001
HF354_aug595,attack,attack,True,True,1.0,0.0002
HF400_aug81,benign,benign,False,False,0.0,0.0002
HF522_aug23,attack,attack,True,True,1.0,0.0001
HF106,attack,attack,False,False,0.0,0.0002
HF97_aug225,benign,benign,False,False,0.0,0.0002
HF113_aug235,attack,attack,True,True,1.0,0.0001
HF607_aug403,benign,benign,False,False,0.0,0.0001
HF540,benign,benign,False,False,0.0,0.0001
HF206_aug27,attack,attack,True,True,1.0,0.0002
HF147,attack,attack,False,False,0.0,0.0002
HF170_aug547,attack,attack,False,False,0.0,0.0003
HF59,benign,benign,False,False,0.0,0.0002
HF554,benign,benign,False,False,0.0,0.0002
HF711_aug267,attack,attack,True,True,1.0,0.0002
HF22_aug147,benign,benign,False,False,0.0,0.0003
HF649_aug422,benign,benign,False,False,0.0,0.0002
HF430_aug485,attack,attack,True,True,1.0,0.0002
HF502_aug298,benign,benign,False,False,0.0,0.0002
HF504_aug437,attack,attack,True,True,1.0,0.0001
HF653_aug167,benign,benign,False,False,0.0,0.0002
HF303,benign,benign,False,False,0.0,0.0003
HF225,benign,benign,False,False,0.0,0.0002
HF575,benign,benign,False,False,0.0,0.0002
HF721,benign,benign,False,False,0.0,0.0032
HF564_aug110,benign,benign,False,False,0.0,0.0004
HF418,benign,benign,False,False,0.0,0.0002
HF599_aug277,benign,benign,False,False,0.0,0.0003
HF11_aug598,attack,attack,True,True,1.0,0.0002
HF364_aug58,benign,benign,False,False,0.0,0.0003
HF606,attack,attack,True,True,1.0,0.0002
HF246_aug754,attack,attack,True,True,1.0,0.0001
HF261,benign,benign,False,False,0.0,0.0002
HF628_aug619,attack,attack,True,True,1.0,0.0002
HF241_aug136,benign,benign,False,False,0.0,0.0003
HF291_aug675,attack,attack,False,False,0.0,0.0002
HF316_aug711,attack,attack,True,True,1.0,0.0002
HF547,attack,attack,True,True,1.0,0.0002
HF615_aug325,benign,benign,False,False,0.0,0.0002
HF245_aug231,benign,benign,False,False,0.0,0.0002
HF657_aug307,attack,attack,True,True,1.0,0.0002
HF192,benign,benign,False,False,0.0,0.0002
HF346,benign,benign,False,False,0.0,0.0002
HF607_aug138,benign,benign,False,False,0.0,0.0002
HF372,attack,attack,False,False,0.0,0.0002
HF607,benign,benign,False,False,0.0,0.0002
HF604,benign,benign,False,False,0.0,0.0003
HF745_aug384,attack,attack,True,True,1.0,0.0001
HF308_aug223,benign,benign,False,False,0.0,0.0002
HF204,benign,benign,False,False,0.0,0.0002
HF182,attack,attack,True,True,1.0,0.0001
HF546,attack,attack,True,True,1.0,0.0001
HF319_aug201,attack,attack,True,True,1.0,0.0002
HF112_aug397,benign,benign,False,False,0.0,0.0002
HF11_aug5,attack,attack,True,True,1.0,0.0001
HF502_aug349,benign,benign,False,False,0.0,0.0002
HF173,benign,benign,False,False,0.0,0.0001
HF114_aug345,benign,benign,False,False,0.0,0.0002
HF43,attack,attack,False,False,0.0,0.0002
HF19,benign,benign,False,False,0.0,0.0002
HF123_aug361,benign,benign,False,False,0.0,0.0002
HF76,benign,benign,False,False,0.0,0.0001
HF469_aug250,attack,attack,True,True,1.0,0.0001
HF369_aug51,attack,attack,True,True,1.0,0.0002
HF456,benign,benign,False,False,0.0,0.0002
HF39_aug694,attack,attack,True,True,1.0,0.0001
HF184_aug188,benign,benign,False,False,0.0,0.0003
HF243_aug678,attack,attack,True,True,1.0,0.0001
HF332_aug50,benign,benign,False,False,0.0,0.0002
HF313_aug343,benign,benign,False,False,0.0,0.0002
HF100_aug421,attack,attack,True,True,1.0,0.0002
HF546_aug143,attack,attack,True,True,1.0,0.0001
HF619_aug157,benign,benign,False,False,0.0,0.0002
HF546_aug60,attack,attack,False,False,0.0,0.0002
HF706_aug89,benign,benign,False,False,0.0,0.0002
HF450,benign,benign,False,False,0.0,0.0002
HF599,benign,benign,False,False,0.0,0.0002
HF539,attack,attack,True,True,1.0,0.0002
HF351_aug270,attack,attack,True,True,1.0,0.0002
HF265_aug438,attack,attack,False,False,0.0,0.0002
HF447_aug437,benign,benign,False,False,0.0,0.0002
HF655_aug337,benign,benign,False,False,0.0,0.0002
HF628_aug348,attack,attack,True,True,1.0,0.0001
HF599_aug234,benign,benign,False,False,0.0,0.0002
HF381_aug726,attack,attack,True,True,1.0,0.0001
HF316_aug286,attack,attack,True,True,1.0,0.0002
HF483_aug266,benign,benign,False,False,0.0,0.0002
HF240,benign,benign,False,False,0.0,0.0002
HF522,attack,attack,True,True,1.0,0.0001
HF55_aug159,benign,benign,False,False,0.0,0.0002
HF710_aug383,benign,benign,False,False,0.0,0.0002
HF386_aug200,attack,attack,True,True,1.0,0.0001
HF539_aug752,attack,attack,True,True,1.0,0.0002
HF447_aug332,benign,benign,False,False,0.0,0.0003
HF266_aug457,attack,attack,True,True,1.0,0.0002
HF519,benign,benign,False,False,0.0,0.0002
HF293_aug261,attack,attack,True,True,1.0,0.0001
HF486,benign,benign,False,False,0.0,0.0002
HF686,attack,attack,True,True,1.0,0.0002
HF210,benign,benign,False,False,0.0,0.0001
HF312,benign,benign,False,False,0.0,0.0002
HF354_aug406,attack,attack,False,False,0.0,0.0003
HF514,attack,attack,True,True,1.0,0.0002
HF539_aug549,attack,attack,False,False,0.0,0.0002
HF730,benign,benign,False,False,0.0,0.0002
HF445_aug779,attack,attack,True,True,1.0,0.0001
HF736,attack,attack,True,True,1.0,0.0001
HF343_aug88,benign,benign,False,False,0.0,0.0002
HF159_aug681,attack,attack,True,True,1.0,0.0001
HF188_aug77,attack,attack,True,True,1.0,0.0002
HF743_aug91,attack,attack,True,True,1.0,0.0002
HF692_aug278,benign,benign,False,False,0.0,0.0002
HF243_aug198,attack,attack,True,True,1.0,0.0002
HF439,attack,attack,True,True,1.0,0.0001
HF289,benign,benign,False,False,0.0,0.0002
HF749,attack,attack,True,True,1.0,0.0002
HF629,benign,benign,False,False,0.0,0.0002
HF161_aug633,attack,attack,True,True,1.0,0.0002
HF551_aug44,attack,attack,False,False,0.0,0.0003
HF600,benign,benign,False,False,0.0,0.0001
HF436_aug208,benign,benign,False,False,0.0,0.0002
HF48_aug356,benign,benign,False,False,0.0,0.0002
HF523_aug162,benign,benign,False,False,0.0,0.0001
HF712_aug335,benign,benign,False,False,0.0,0.0002
HF219,benign,benign,False,False,0.0,0.0002
HF1_aug116,benign,benign,False,False,0.0,0.0002
HF587,benign,benign,False,False,0.0,0.0002
HF745_aug182,attack,attack,True,True,1.0,0.0001
HF164_aug213,benign,benign,False,False,0.0,0.0002
HF386_aug652,attack,attack,True,True,1.0,0.0001
HF46_aug44,benign,benign,False,False,0.0,0.0003
HF291_aug17,attack,attack,True,True,1.0,0.0002
HF654_aug439,attack,attack,True,True,1.0,0.0001
HF8,attack,attack,False,False,0.0,0.0002
HF405,attack,attack,True,True,1.0,0.0002
HF188_aug496,attack,attack,True,True,1.0,0.0001
HF476_aug370,benign,benign,False,False,0.0,0.0002
HF291_aug749,attack,attack,True,True,1.0,0.0002
HF404_aug103,benign,benign,False,False,0.0,0.0002
HF655_aug91,benign,benign,False,False,0.0,0.0002
HF187_aug340,benign,benign,False,False,0.0,0.0002
HF570,benign,benign,False,False,0.0,0.0002
HF569,benign,benign,False,False,0.0,0.0001
HF729,benign,benign,False,False,0.0,0.0002
HF404,benign,benign,False,False,0.0,0.0002
HF733_aug263,benign,benign,False,False,0.0,0.0002
HF701_aug239,attack,attack,True,True,1.0,0.0002
HF712,benign,benign,False,False,0.0,0.0002
HF193,benign,benign,False,False,0.0,0.0002
HF706_aug170,benign,benign,False,False,0.0,0.0002
HF356,benign,benign,False,False,0.0,0.0002
HF448_aug318,benign,benign,False,False,0.0,0.0002
HF343_aug86,benign,benign,False,False,0.0,0.0001
HF573_aug150,benign,benign,False,False,0.0,0.0002
HF553,benign,benign,False,False,0.0,0.0002
HF319_aug461,attack,attack,True,True,1.0,0.0001
HF541_aug290,benign,benign,False,False,0.0,0.0003
HF357,benign,benign,False,False,0.0,0.0002
HF744_aug228,benign,benign,False,False,0.0,0.0002
HF706_aug155,benign,benign,False,False,0.0,0.0002
HF546_aug115,attack,attack,False,False,0.0,0.0001
HF333_aug446,attack,attack,True,True,1.0,0.0002
HF595,benign,benign,False,False,0.0,0.0001
HF655,benign,benign,False,False,0.0,0.0001
HF316_aug507,attack,attack,False,False,0.0,0.0002
HF531,benign,benign,False,False,0.0,0.0002
HF392,benign,benign,False,False,0.0,0.0002
HF711_aug770,attack,attack,True,True,1.0,0.0001
HF99_aug425,attack,attack,True,True,1.0,0.0001
HF145_aug430,attack,attack,False,False,0.0,0.0002
HF425,benign,benign,False,False,0.0,0.0002
HF559,benign,benign,False,False,0.0,0.0002
HF568,benign,benign,False,False,0.0,0.0002
HF344,benign,benign,False,False,0.0,0.0002
HF594_aug407,benign,benign,False,False,0.0,0.0001
HF352,benign,benign,False,False,0.0,0.0001
HF682,benign,benign,False,False,0.0,0.0002
HF518,benign,benign,False,False,0.0,0.0002
HF724,benign,benign,False,False,0.0,0.0002
HF561_aug118,benign,benign,False,False,0.0,0.0004
HF492,benign,benign,False,False,0.0,0.0002
HF523_aug380,benign,benign,False,False,0.0,0.0002
HF621_aug355,benign,benign,False,False,0.0,0.0002
HF523_aug98,benign,benign,False,False,0.0,0.0002
HF429_aug303,benign,benign,False,False,0.0,0.0002
HF546_aug593,attack,attack,False,False,0.0,0.0001
HF522_aug443,attack,attack,True,True,1.0,0.0002
HF16,benign,benign,False,False,0.0,0.0002
HF476_aug294,benign,benign,False,False,0.0,0.0005
HF354_aug354,attack,attack,True,True,1.0,0.0002
HF243_aug479,attack,attack,True,True,1.0,0.0003
HF539_aug375,attack,attack,True,True,1.0,0.0002
HF148,benign,benign,False,False,0.0,0.0002
HF370,benign,benign,False,False,0.0,0.0002
HF693_aug177,benign,benign,False,False,0.0,0.0002
HF256,benign,benign,False,False,0.0,0.0002
HF430_aug322,attack,attack,True,True,1.0,0.0001
HF75,benign,benign,False,False,0.0,0.0002
HF546_aug338,attack,attack,True,True,1.0,0.0002
HF274,benign,benign,False,False,0.0,0.0002
HF313_aug133,benign,benign,False,False,0.0,0.0002
HF678_aug546,attack,attack,True,True,1.0,0.0002
HF168_aug306,benign,benign,False,False,0.0,0.0002
HF591,benign,benign,False,False,0.0,0.0002
HF691_aug282,attack,attack,False,False,0.0,0.0002
HF502_aug212,benign,benign,False,False,0.0,0.0002
HF349,attack,attack,True,True,1.0,0.0001
HF26,benign,benign,False,False,0.0,0.0002
HF170_aug361,attack,attack,True,True,1.0,0.0001
HF366,benign,benign,False,False,0.0,0.0002
HF354_aug540,attack,attack,True,True,1.0,0.0002
HF188_aug661,attack,attack,True,True,1.0,0.0003
HF93_aug53,benign,benign,False,False,0.0,0.0002
HF487_aug169,benign,benign,False,False,0.0,0.0002
HF666,benign,benign,False,False,0.0,0.0002
HF95_aug689,attack,attack,True,True,1.0,0.0002
HF376_aug32,benign,benign,False,False,0.0,0.0002
HF49,benign,benign,False,False,0.0,0.0002
HF663_aug4,attack,attack,True,True,1.0,0.0003
HF522_aug190,attack,attack,False,False,0.0,0.0002
HF743_aug592,attack,attack,True,True,1.0,0.0002
HF461_aug668,attack,attack,True,True,1.0,0.0002
HF211_aug195,attack,attack,True,True,1.0,0.0002
HF265_aug564,attack,attack,True,True,1.0,0.0002
HF84_aug296,benign,benign,False,False,0.0,0.0003
HF336,benign,benign,False,False,0.0,0.0002
HF34,benign,benign,False,False,0.0,0.0002
HF541_aug247,benign,benign,False,False,0.0,0.0002
HF551_aug440,attack,attack,True,True,1.0,0.0001
HF682_aug346,benign,benign,False,False,0.0,0.0003
HF396_aug410,attack,attack,True,True,1.0,0.0002
HF10_aug217,benign,benign,False,False,0.0,0.0002
HF319_aug758,attack,attack,True,True,1.0,0.0001
HF721_aug25,benign,benign,False,False,0.0,0.0002
HF381_aug523,attack,attack,True,True,1.0,0.0002
HF745_aug481,attack,attack,True,True,1.0,0.0001
HF355,attack,attack,True,True,1.0,0.0002
HF103_aug602,attack,attack,True,True,1.0,0.0001
HF599_aug206,benign,benign,False,False,0.0,0.0002
HF158_aug52,benign,benign,False,False,0.0,0.0002
HF391_aug204,attack,attack,True,True,1.0,0.0001
HF307_aug300,attack,attack,True,True,1.0,0.0002
HF91,benign,benign,False,False,0.0,0.0002
HF72,benign,benign,False,False,0.0,0.0002
HF152_aug727,attack,attack,False,False,0.0,0.0002
HF100_aug577,attack,attack,False,False,0.0,0.0002
HF745,attack,attack,True,True,1.0,0.0002
HF479,attack,attack,True,True,1.0,0.0001
HF66,benign,benign,False,False,0.0,0.0002
HF153,attack,attack,True,True,1.0,0.0001
HF22,benign,benign,False,False,0.0,0.0002
HF311_aug28,attack,attack,True,True,1.0,0.0002
HF704,benign,benign,False,False,0.0,0.0002
HF121_aug251,benign,benign,False,False,0.0,0.0002
HF291_aug176,attack,attack,True,True,1.0,0.0002
HF319_aug86,attack,attack,True,True,1.0,0.0001
HF358_aug216,attack,attack,True,True,1.0,0.0001
HF641_aug153,benign,benign,False,False,0.0,0.0001
HF522_aug189,attack,attack,True,True,1.0,0.0002
HF381_aug390,attack,attack,True,True,1.0,0.0001
HF714,benign,benign,False,False,0.0,0.0002
HF229,benign,benign,False,False,0.0,0.0002
HF116,benign,benign,False,False,0.0,0.0001
HF680,benign,benign,False,False,0.0,0.0002
HF749_aug445,attack,attack,False,False,0.0,0.0002
HF218,benign,benign,False,False,0.0,0.0002
HF510,benign,benign,False,False,0.0,0.0002
HF551_aug318,attack,attack,True,True,1.0,0.0001
HF123_aug317,benign,benign,False,False,0.0,0.0002
HF215,attack,attack,True,True,1.0,0.0001
HF521_aug291,benign,benign,False,False,0.0,0.0002
HF68,attack,attack,True,True,1.0,0.0001
HF251,benign,benign,False,False,0.0,0.0003
HF81,benign,benign,False,False,0.0,0.0002
HF340_aug290,attack,attack,True,True,1.0,0.0001
HF396_aug177,attack,attack,True,True,1.0,0.0001
HF691,attack,attack,False,False,0.0,0.0002
HF333_aug561,attack,attack,True,True,1.0,0.0002
HF638_aug14,attack,attack,True,True,1.0,0.0002
HF551_aug589,attack,attack,True,True,1.0,0.0001
HF98,benign,benign,False,False,0.0,0.0002
HF291_aug676,attack,attack,True,True,1.0,0.0002
HF206_aug135,attack,attack,True,True,1.0,0.0002
HF332_aug227,benign,benign,False,False,0.0,0.0002
HF386_aug517,attack,attack,False,False,0.0,0.0002
HF202_aug203,benign,benign,False,False,0.0,0.0002
HF172_aug93,attack,attack,True,True,1.0,0.0002
HF332_aug180,benign,benign,False,False,0.0,0.0001
HF21,benign,benign,False,False,0.0,0.0002
HF380,benign,benign,False,False,0.0,0.0002
HF376_aug205,benign,benign,False,False,0.0,0.0002
HF667,benign,benign,False,False,0.0,0.0002
HF316_aug253,attack,attack,True,True,1.0,0.0002
HF189_aug451,benign,benign,False,False,0.0,0.0002
HF319_aug613,attack,attack,True,True,1.0,0.0002
HF151_aug341,benign,benign,False,False,0.0,0.0002
HF701_aug67,attack,attack,False,False,0.0,0.0002
HF8_aug793,attack,attack,False,False,0.0,0.0002
HF746,attack,attack,True,True,1.0,0.0001
HF608,attack,attack,True,True,1.0,0.0001
HF367_aug34,benign,benign,False,False,0.0,0.0003
HF243_aug527,attack,attack,True,True,1.0,0.0002
HF167_aug199,attack,attack,False,False,0.0,0.0002
HF606_aug500,attack,attack,False,False,0.0,0.0002
HF688,benign,benign,False,False,0.0,0.0002
HF22_aug300,benign,benign,False,False,0.0,0.0002
HF367_aug250,benign,benign,False,False,0.0,0.0002
HF185,benign,benign,False,False,0.0,0.0002
HF258_aug363,attack,attack,True,True,1.0,0.0001
HF573,benign,benign,False,False,0.0,0.0002
HF27,benign,benign,False,False,0.0,0.0001
HF31,benign,benign,False,False,0.0,0.0002
HF571,benign,benign,False,False,0.0,0.0002
HF367_aug350,benign,benign,False,False,0.0,0.0001
HF64_aug40,benign,benign,False,False,0.0,0.0002
HF140,benign,benign,False,False,0.0,0.0002
HF99_aug3,attack,attack,True,True,1.0,0.0002
HF139,attack,attack,True,True,1.0,0.0001
HF638_aug573,attack,attack,True,True,1.0,0.0001
HF266_aug306,attack,attack,False,False,0.0,0.0002
HF617,benign,benign,False,False,0.0,0.0002
HF653,benign,benign,False,False,0.0,0.0001
HF607_aug425,benign,benign,False,False,0.0,0.0002
HF542,benign,benign,False,False,0.0,0.0001
HF322,attack,attack,True,True,1.0,0.0002
HF505,benign,benign,False,False,0.0,0.0002
HF663_aug695,attack,attack,True,True,1.0,0.0002
HF657_aug362,attack,attack,False,False,0.0,0.0003
HF513,benign,benign,False,False,0.0,0.0001
HF8_aug574,attack,attack,True,True,1.0,0.0001
HF606_aug39,attack,attack,True,True,1.0,0.0001
HF60,attack,attack,True,True,1.0,0.0002
HF504_aug113,attack,attack,True,True,1.0,0.0002
HF351_aug398,attack,attack,True,True,1.0,0.0001
HF90_aug185,attack,attack,False,False,0.0,0.0002
HF414,benign,benign,False,False,0.0,0.0002
HF632,attack,attack,True,True,1.0,0.0002
HF522_aug638,attack,attack,False,False,0.0,0.0002
HF95,attack,attack,True,True,1.0,0.0002
HF387_aug444,attack,attack,True,True,1.0,0.0001
HF649_aug297,benign,benign,False,False,0.0,0.0001
HF698,benign,benign,False,False,0.0,0.0002
HF220,benign,benign,False,False,0.0,0.0002
HF722,benign,benign,False,False,0.0,0.0002
HF546_aug629,attack,attack,True,True,1.0,0.0001
HF371,benign,benign,False,False,0.0,0.0001
HF69_aug45,benign,benign,False,False,0.0,0.0002
HF724_aug354,benign,benign,False,False,0.0,0.0002
HF654_aug360,attack,attack,False,False,0.0,0.0001
HF594_aug406,benign,benign,False,False,0.0,0.0002
HF159_aug484,attack,attack,True,True,1.0,0.0001
HF444_aug755,attack,attack,True,True,1.0,0.0002
HF701,attack,attack,True,True,1.0,0.0001
HF343_aug261,benign,benign,False,False,0.0,0.0002
HF551_aug773,attack,attack,True,True,1.0,0.0001
HF319_aug497,attack,attack,True,True,1.0,0.0003
HF687,benign,benign,False,False,0.0,0.0002
HF692_aug160,benign,benign,False,False,0.0,0.0001
HF394_aug308,attack,attack,False,False,0.0,0.0001
HF111,benign,benign,False,False,0.0,0.0002
HF100_aug272,attack,attack,True,True,1.0,0.0002
HF571_aug39,benign,benign,False,False,0.0,0.0001
HF206_aug654,attack,attack,True,True,1.0,0.0005
HF394_aug545,attack,attack,True,True,1.0,0.0004
HF43_aug50,attack,attack,True,True,1.0,0.0003
HF99,attack,attack,True,True,1.0,0.0002
HF471,benign,benign,False,False,0.0,0.0002
HF632_aug257,attack,attack,True,True,1.0,0.0002
HF257,benign,benign,False,False,0.0,0.0003
HF110_aug74,attack,attack,True,True,1.0,0.0001
HF307_aug753,attack,attack,True,True,1.0,0.0002
HF299,benign,benign,False,False,0.0,0.0002
HF82_aug183,attack,attack,True,True,1.0,0.0002
HF556_aug603,attack,attack,True,True,1.0,0.0002
HF598,benign,benign,False,False,0.0,0.0002
HF706,benign,benign,False,False,0.0,0.0002
HF469_aug141,attack,attack,True,True,1.0,0.0002
HF351_aug567,attack,attack,True,True,1.0,0.0001
HF463,benign,benign,False,False,0.0,0.0002
HF309_aug140,benign,benign,False,False,0.0,0.0002
HF465,attack,attack,True,True,1.0,0.0001
HF502_aug142,benign,benign,False,False,0.0,0.0002
HF638_aug669,attack,attack,True,True,1.0,0.0002
HF174,benign,benign,False,False,0.0,0.0002
HF552,benign,benign,False,False,0.0,0.0002
HF314,attack,attack,False,False,0.0,0.0002
HF662,benign,benign,False,False,0.0,0.0002
HF266_aug128,attack,attack,True,True,1.0,0.0002
HF332,benign,benign,False,False,0.0,0.0002
HF326_aug264,attack,attack,False,False,0.0,0.0002
HF431,attack,attack,True,True,1.0,0.0002
HF615_aug93,benign,benign,False,False,0.0,0.0002
HF57,benign,benign,False,False,0.0,0.0002
HF332_aug179,benign,benign,False,False,0.0,0.0001
HF129,benign,benign,False,False,0.0,0.0002
HF186,benign,benign,False,False,0.0,0.0002
HF409,benign,benign,False,False,0.0,0.0001
HF547_aug658,attack,attack,True,True,1.0,0.0001
HF625,benign,benign,False,False,0.0,0.0002
HF178,benign,benign,False,False,0.0,0.0001
