id,family,label,flagged,clf_flag,clf_score,lat_ms
HF607_aug315,benign,benign,False,False,0.0,0.011
HF265_aug151,attack,attack,False,False,0.0,0.007
HF464,benign,benign,False,False,0.0,0.0081
HF161_aug703,attack,attack,False,False,0.0,0.0107
HF402,benign,benign,False,False,0.0,0.0016
HF378,benign,benign,False,False,0.0,0.0035
HF161_aug736,attack,attack,False,False,0.0,0.0107
HF541_aug186,benign,benign,False,False,0.0,0.0183
HF221,attack,attack,False,False,0.0,0.004
HF452,benign,benign,False,False,0.0,0.0023
HF194,attack,attack,False,False,0.0,0.0025
HF407,benign,benign,False,False,0.0,0.0023
HF163,benign,benign,False,False,0.0,0.0029
HF522_aug382,attack,attack,False,False,0.0,0.0057
HF161_aug172,attack,attack,False,False,0.0,0.0103
HF691_aug73,attack,attack,False,False,0.0,0.0071
HF307_aug544,attack,attack,False,False,0.0,0.0168
HF457,attack,attack,False,False,0.0,0.0162
HF151_aug101,benign,benign,False,False,0.0,0.0254
HF672_aug307,benign,benign,False,False,0.0,0.0033
HF358_aug472,attack,attack,False,False,0.0,0.0102
HF416_aug119,benign,benign,False,False,0.0,0.0036
HF342_aug436,benign,benign,False,False,0.0,0.0222
HF112,benign,benign,False,False,0.0,0.0234
HF121_aug377,benign,benign,False,False,0.0,0.0168
HF358,attack,attack,False,False,0.0,0.0095
HF250,benign,benign,False,False,0.0,0.0032
HF354_aug762,attack,attack,True,True,0.3333333333333333,0.144
HF349_aug590,attack,attack,False,False,0.0,0.006
HF120,attack,attack,False,False,0.0,0.0046
HF430_aug426,attack,attack,False,False,0.0,0.0054
HF386_aug742,attack,attack,False,False,0.0,0.0031
HF351_aug370,attack,attack,False,False,0.0,0.0074
HF639_aug705,attack,attack,False,False,0.0,0.0039
HF108,benign,benign,False,False,0.0,0.019
HF333_aug248,attack,attack,False,False,0.0,0.0624
HF329_aug64,benign,benign,False,False,0.0,0.013
HF403,benign,benign,False,False,0.0,0.0025
HF104,benign,benign,True,True,0.3333333333333333,0.0153
HF639_aug52,attack,attack,False,False,0.0,0.0037
HF444,attack,attack,False,False,0.0,0.0086
HF617_aug382,benign,benign,False,False,0.0,0.0174
HF307_aug49,attack,attack,False,False,0.0,0.0155
HF95_aug383,attack,attack,False,False,0.0,0.0055
HF198_aug23,benign,benign,False,False,0.0,0.0166
HF745_aug622,attack,attack,False,False,0.0,0.0071
HF215_aug305,attack,attack,False,False,0.0,0.0071
HF188_aug687,attack,attack,False,False,0.0,0.0061
HF253,attack,attack,False,False,0.0,0.0045
HF313_aug63,benign,benign,False,False,0.0,0.002
HF728,benign,benign,False,False,0.0,0.0063
HF206_aug45,attack,attack,False,False,0.0,0.0038
HF615,benign,benign,False,False,0.0,0.0201
HF8_aug10,attack,attack,False,False,0.0,0.0066
HF691_aug707,attack,attack,False,False,0.0,0.0071
HF571_aug196,benign,benign,False,False,0.0,0.0191
HF339,benign,benign,False,False,0.0,0.0029
HF742_aug151,benign,benign,False,False,0.0,0.0114
HF255,benign,benign,False,False,0.0,0.0193
HF686_aug159,attack,attack,False,False,0.0,0.0129
HF646,benign,benign,False,False,0.0,0.0089
HF195_aug476,attack,attack,False,False,0.0,0.0044
HF568_aug76,benign,benign,False,False,0.0,0.023
HF119,benign,benign,False,False,0.0,0.0215
HF205_aug442,benign,benign,False,False,0.0,0.008
HF230_aug302,benign,benign,False,False,0.0,0.0051
HF183_aug785,attack,attack,False,False,0.0,0.0117
HF703,benign,benign,False,False,0.0,0.0175
HF397,attack,attack,False,False,0.0,0.0093
HF669,benign,benign,False,False,0.0,0.0027
HF619,benign,benign,False,False,0.0,0.0173
HF253_aug181,attack,attack,False,False,0.0,0.0045
HF550,benign,benign,False,False,0.0,0.0133
HF70,benign,benign,False,False,0.0,0.0033
HF650_aug553,attack,attack,False,False,0.0,0.0027
HF504_aug122,attack,attack,False,False,0.0,0.0091
HF184_aug78,benign,benign,False,False,0.0,0.0181
HF311_aug585,attack,attack,False,False,0.0,0.0057
HF461_aug166,attack,attack,False,False,0.0,0.007
HF114_aug274,benign,benign,False,False,0.0,0.0277
HF246,attack,attack,False,False,0.0,0.0051
HF354_aug655,attack,attack,True,True,0.3333333333333333,0.2141
HF664,benign,benign,False,False,0.0,0.0033
HF104_aug10,benign,benign,True,True,0.3333333333333333,0.0181
HF633_aug146,benign,benign,False,False,0.0,0.0194
HF647,benign,benign,False,False,0.0,0.003
HF742_aug253,benign,benign,False,False,0.0,0.0121
HF333_aug276,attack,attack,False,False,0.0,0.0551
HF351_aug79,attack,attack,False,False,0.0,0.0081
HF404_aug102,benign,benign,False,False,0.0,0.0189
HF197_aug11,benign,benign,False,False,0.0,0.0014
HF202_aug184,benign,benign,False,False,0.0,0.037
HF430_aug8,attack,attack,False,False,0.0,0.0052
HF606_aug95,attack,attack,False,False,0.0,0.0043
HF198_aug339,benign,benign,False,False,0.0,0.018
HF594_aug288,benign,benign,False,False,0.0,0.0167
HF396_aug449,attack,attack,False,False,0.0,0.0063
HF327,benign,benign,False,False,0.0,0.0159
HF690,benign,benign,False,False,0.0,0.0028
HF594_aug386,benign,benign,False,False,0.0,0.0165
HF203_aug714,attack,attack,False,False,0.0,0.0237
HF145_aug791,attack,attack,False,False,0.0,0.0067
HF354_aug227,attack,attack,True,True,0.3333333333333333,0.125
HF517,benign,benign,False,False,0.0,0.012
HF547_aug37,attack,attack,False,False,0.0,0.005
HF606_aug677,attack,attack,False,False,0.0,0.0041
HF265_aug418,attack,attack,False,False,0.0,0.0053
HF183_aug54,attack,attack,False,False,0.0,0.0117
HF430_aug409,attack,attack,False,False,0.0,0.0053
HF99_aug342,attack,attack,False,False,0.0,0.0075
HF161_aug569,attack,attack,False,False,0.0,0.0106
HF580,benign,benign,False,False,0.0,0.0085
HF53,benign,benign,False,False,0.0,0.0052
HF227_aug244,benign,benign,False,False,0.0,0.0082
HF546_aug557,attack,attack,False,False,0.0,0.0123
HF516_aug180,attack,attack,False,False,0.0,0.0045
HF138,benign,benign,False,False,0.0,0.003
HF39_aug771,attack,attack,True,True,0.3333333333333333,0.0589
HF100_aug150,attack,attack,False,False,0.0,0.0066
HF323_aug60,benign,benign,False,False,0.0,0.0153
HF705_aug280,benign,benign,False,False,0.0,0.0234
HF47,benign,benign,False,False,0.0,0.0029
HF144,benign,benign,False,False,0.0,0.0042
HF293_aug292,attack,attack,False,False,0.0,0.0135
HF547_aug191,attack,attack,False,False,0.0,0.0044
HF26_aug1,benign,benign,False,False,0.0,0.0169
HF159_aug262,attack,attack,False,False,0.0,0.0066
HF203_aug684,attack,attack,False,False,0.0,0.0065
HF273,benign,benign,False,False,0.0,0.002
HF639_aug164,attack,attack,False,False,0.0,0.0035
HF356_aug348,benign,benign,False,False,0.0,0.0108
HF26_aug328,benign,benign,False,False,0.0,0.0173
HF152_aug542,attack,attack,False,False,0.0,0.0024
HF100_aug327,attack,attack,False,False,0.0,0.0074
HF410_aug600,attack,attack,False,False,0.0,0.0046
HF309,benign,benign,False,False,0.0,0.0018
HF93_aug433,benign,benign,False,False,0.0,0.0188
HF245_aug360,benign,benign,False,False,0.0,0.0253
HF447_aug154,benign,benign,False,False,0.0,0.0455
HF747,benign,benign,False,False,0.0,0.0029
HF436,benign,benign,False,False,0.0,0.0187
HF522_aug104,attack,attack,False,False,0.0,0.0056
HF376_aug121,benign,benign,True,True,0.3333333333333333,0.0584
HF638_aug660,attack,attack,False,False,0.0,0.0278
HF305_aug21,benign,benign,False,False,0.0,0.0222
HF319_aug328,attack,attack,False,False,0.0,0.0041
HF358_aug452,attack,attack,False,False,0.0,0.0092
HF360,benign,benign,False,False,0.0,0.0196
HF211_aug31,attack,attack,False,False,0.0,0.0055
HF430,attack,attack,False,False,0.0,0.005
HF497_aug152,benign,benign,False,False,0.0,0.0028
HF233_aug747,attack,attack,False,False,0.0,0.0073
HF99_aug415,attack,attack,False,False,0.0,0.0392
HF249,benign,benign,False,False,0.0,0.0058
HF105_aug105,attack,attack,False,False,0.0,0.0127
HF481,attack,attack,False,False,0.0,0.0122
HF546_aug352,attack,attack,False,False,0.0,0.0129
HF164_aug128,benign,benign,False,False,0.0,0.0242
HF650_aug381,attack,attack,False,False,0.0,0.003
HF121_aug95,benign,benign,False,False,0.0,0.017
HF551_aug468,attack,attack,False,False,0.0,0.0126
HF243_aug632,attack,attack,False,False,0.0,0.0065
HF394,attack,attack,False,False,0.0,0.0049
HF231,benign,benign,False,False,0.0,0.0326
HF607_aug414,benign,benign,False,False,0.0,0.0032
HF631,benign,benign,False,False,0.0,0.0229
HF448_aug183,benign,benign,False,False,0.0,0.0286
HF337,benign,benign,False,False,0.0,0.0027
HF539_aug9,attack,attack,False,False,0.0,0.0065
HF541_aug222,benign,benign,False,False,0.0,0.0182
HF166,benign,benign,False,False,0.0,0.0031
HF316_aug477,attack,attack,False,False,0.0,0.0064
HF367_aug405,benign,benign,False,False,0.0,0.0231
HF733_aug293,benign,benign,False,False,0.0,0.0201
HF159_aug209,attack,attack,False,False,0.0,0.0069
HF453,benign,benign,False,False,0.0,0.0069
HF745_aug580,attack,attack,False,False,0.0,0.0073
HF482,benign,benign,False,False,0.0,0.0127
HF113_aug672,attack,attack,False,False,0.0,0.0098
HF366_aug107,benign,benign,False,False,0.0,0.0034
HF385,benign,benign,False,False,0.0,0.0025
HF351_aug583,attack,attack,False,False,0.0,0.0075
HF305_aug273,benign,benign,False,False,0.0,0.0221
HF279,benign,benign,False,False,0.0,0.003
HF215_aug605,attack,attack,False,False,0.0,0.0071
HF351_aug510,attack,attack,False,False,0.0,0.0076
HF436_aug445,benign,benign,False,False,0.0,0.0185
HF631_aug114,benign,benign,False,False,0.0,0.0231
HF269,benign,benign,False,False,0.0,0.0191
HF313,benign,benign,False,False,0.0,0.0022
HF469_aug400,attack,attack,False,False,0.0,0.0108
HF316_aug68,attack,attack,False,False,0.0,0.0062
HF533,benign,benign,False,False,0.0,0.0029
HF461_aug29,attack,attack,False,False,0.0,0.0074
HF172,attack,attack,False,False,0.0,0.0054
HF95_aug260,attack,attack,False,False,0.0,0.0053
HF141,benign,benign,False,False,0.0,0.0028
HF243_aug653,attack,attack,False,False,0.0,0.0065
HF170_aug491,attack,attack,False,False,0.0,0.0155
HF567_aug6,benign,benign,False,False,0.0,0.0032
HF594_aug327,benign,benign,False,False,0.0,0.0163
HF522_aug324,attack,attack,False,False,0.0,0.0057
HF651,attack,attack,False,False,0.0,0.0047
HF110_aug518,attack,attack,False,False,0.0,0.0082
HF351_aug212,attack,attack,False,False,0.0,0.0074
HF387_aug35,attack,attack,True,True,0.3333333333333333,0.0099
HF645,benign,benign,False,False,0.0,0.0029
HF467,benign,benign,False,False,0.0,0.0026
HF80,benign,benign,False,False,0.0,0.0028
HF101,attack,attack,False,False,0.0,0.0058
HF1_aug221,benign,benign,False,False,0.0,0.0153
HF212,attack,attack,False,False,0.0,0.0075
HF170_aug87,attack,attack,False,False,0.0,0.0165
HF696,attack,attack,False,False,0.0,0.0035
HF183_aug499,attack,attack,False,False,0.0,0.0124
HF447_aug269,benign,benign,False,False,0.0,0.0415
HF197,benign,benign,False,False,0.0,0.0015
HF551_aug152,attack,attack,False,False,0.0,0.0131
HF39_aug214,attack,attack,True,True,0.3333333333333333,0.0661
HF341,benign,benign,False,False,0.0,0.0024
HF551_aug728,attack,attack,False,False,0.0,0.0127
HF734,attack,attack,False,False,0.0,0.007
HF326_aug377,attack,attack,False,False,0.0,0.0056
HF191,benign,benign,False,False,0.0,0.0129
HF308_aug268,benign,benign,True,True,0.3333333333333333,0.0151
HF447_aug389,benign,benign,False,False,0.0,0.0375
HF206_aug231,attack,attack,False,False,0.0,0.0037
HF363,attack,attack,False,False,0.0,0.0039
HF693_aug109,benign,benign,False,False,0.0,0.0185
HF99_aug192,attack,attack,False,False,0.0,0.0074
HF487_aug393,benign,benign,False,False,0.0,0.012
HF170_aug18,attack,attack,False,False,0.0,0.0153
HF357_aug130,benign,benign,False,False,0.0,0.0103
HF683,benign,benign,False,False,0.0,0.0172
HF184_aug239,benign,benign,False,False,0.0,0.0179
HF469_aug142,attack,attack,False,False,0.0,0.0332
HF33,benign,benign,False,False,0.0,0.0392
HF445_aug686,attack,attack,False,False,0.0,0.0069
HF487,benign,benign,False,False,0.0,0.0119
HF215_aug350,attack,attack,False,False,0.0,0.0073
HF258_aug541,attack,attack,False,False,0.0,0.0034
HF740,benign,benign,False,False,0.0,0.0034
HF606_aug336,attack,attack,False,False,0.0,0.0047
HF368_aug704,attack,attack,False,False,0.0,0.003
HF548,benign,benign,True,True,0.3333333333333333,0.0152
HF412,attack,attack,False,False,0.0,0.0049
HF639_aug627,attack,attack,False,False,0.0,0.0039
HF561_aug392,benign,benign,False,False,0.0,0.0173
HF215_aug606,attack,attack,False,False,0.0,0.0074
HF433,benign,benign,False,False,0.0,0.0155
HF6,benign,benign,False,False,0.0,0.0022
HF183_aug103,attack,attack,False,False,0.0,0.0116
HF135,benign,benign,False,False,0.0,0.0033
HF145_aug277,attack,attack,False,False,0.0,0.0049
HF584,benign,benign,False,False,0.0,0.0136
HF97,benign,benign,False,False,0.0,0.033
HF291_aug368,attack,attack,False,False,0.0,0.0045
HF539_aug416,attack,attack,False,False,0.0,0.0066
HF491_aug352,benign,benign,False,False,0.0,0.021
HF367,benign,benign,False,False,0.0,0.0239
HF272,attack,attack,False,False,0.0,0.0098
HF242_aug366,benign,benign,False,False,0.0,0.0368
HF127,attack,attack,False,False,0.0,0.0031
HF735,benign,benign,False,False,0.0,0.0035
HF42,benign,benign,False,False,0.0,0.0426
HF462_aug17,benign,benign,False,False,0.0,0.0233
HF654_aug149,attack,attack,False,False,0.0,0.0042
HF612,attack,attack,False,False,0.0,0.0254
HF546_aug1,attack,attack,False,False,0.0,0.0127
HF69,benign,benign,False,False,0.0,0.012
HF506,benign,benign,False,False,0.0,0.0026
HF202_aug421,benign,benign,False,False,0.0,0.037
HF469_aug293,attack,attack,False,False,0.0,0.0103
HF46_aug79,benign,benign,False,False,0.0,0.0202
HF706_aug420,benign,benign,False,False,0.0,0.0035
HF280_aug417,benign,benign,False,False,0.0,0.0224
HF461_aug408,attack,attack,False,False,0.0,0.0074
HF358_aug230,attack,attack,False,False,0.0,0.0098
HF675,benign,benign,False,False,0.0,0.0173
HF265_aug16,attack,attack,False,False,0.0,0.0051
HF365_aug385,benign,benign,False,False,0.0,0.0191
HF633,benign,benign,False,False,0.0,0.0187
HF410_aug428,attack,attack,False,False,0.0,0.0044
HF530,benign,benign,False,False,0.0,0.0172
HF420,benign,benign,False,False,0.0,0.0023
HF203,attack,attack,False,False,0.0,0.0063
HF100_aug96,attack,attack,False,False,0.0,0.0065
HF548_aug165,benign,benign,True,True,0.3333333333333333,0.0152
HF259,attack,attack,False,False,0.0,0.0022
HF610,attack,attack,False,False,0.0,0.007
HF379,benign,benign,False,False,0.0,0.0064
HF599_aug48,benign,benign,False,False,0.0,0.0293
HF594,benign,benign,False,False,0.0,0.0166
HF742_aug67,benign,benign,False,False,0.0,0.0112
HF686_aug389,attack,attack,False,False,0.0,0.0132
HF546_aug114,attack,attack,False,False,0.0,0.0122
HF167,attack,attack,False,False,0.0,0.0095
HF709_aug174,benign,benign,False,False,0.0,0.0187
HF155_aug286,benign,benign,False,False,0.0,0.0165
HF265_aug225,attack,attack,False,False,0.0,0.0051
HF381_aug379,attack,attack,False,False,0.0,0.0051
HF267,attack,attack,False,False,0.0,0.0052
HF84_aug371,benign,benign,False,False,0.0,0.0224
HF574,benign,benign,False,False,0.0,0.002
HF100_aug578,attack,attack,False,False,0.0,0.0071
HF297_aug374,benign,benign,False,False,0.0,0.0488
HF242,benign,benign,False,False,0.0,0.0368
HF447,benign,benign,False,False,0.0,0.0376
HF351_aug735,attack,attack,False,False,0.0,0.0076
HF122,attack,attack,False,False,0.0,0.0041
HF123,benign,benign,False,False,0.0,0.0406
HF178_aug70,benign,benign,False,False,0.0,0.0147
HF320,benign,benign,False,False,0.0,0.02
HF11_aug772,attack,attack,False,False,0.0,0.0025
HF114,benign,benign,False,False,0.0,0.027
HF233_aug312,attack,attack,False,False,0.0,0.0071
HF385_aug5,benign,benign,False,False,0.0,0.0024
HF371_aug22,benign,benign,False,False,0.0,0.0132
HF523_aug265,benign,benign,False,False,0.0,0.0531
HF629_aug28,benign,benign,False,False,0.0,0.0215
HF165,attack,attack,False,False,0.0,0.0034
HF116_aug141,benign,benign,False,False,0.0,0.0163
HF637,attack,attack,False,False,0.0,0.0015
HF696_aug101,attack,attack,False,False,0.0,0.0039
HF340_aug788,attack,attack,False,False,0.0,0.0135
HF504_aug353,attack,attack,False,False,0.0,0.0093
HF130_aug379,benign,benign,False,False,0.0,0.0287
HF39_aug405,attack,attack,True,True,0.3333333333333333,0.0591
HF497_aug73,benign,benign,False,False,0.0,0.0028
HF145_aug555,attack,attack,False,False,0.0,0.0048
HF167_aug236,attack,attack,False,False,0.0,0.0095
HF639_aug380,attack,attack,False,False,0.0,0.0038
HF709,benign,benign,False,False,0.0,0.0188
HF522_aug325,attack,attack,False,False,0.0,0.0056
HF387_aug140,attack,attack,True,True,0.3333333333333333,0.0099
HF607_aug191,benign,benign,False,False,0.0,0.003
HF639_aug165,attack,attack,False,False,0.0,0.0036
HF684,attack,attack,False,False,0.0,0.0035
HF160,benign,benign,False,False,0.0,0.0028
HF366_aug209,benign,benign,False,False,0.0,0.0032
HF586,benign,benign,False,False,0.0,0.0033
HF145_aug98,attack,attack,False,False,0.0,0.0052
HF476_aug358,benign,benign,False,False,0.0,0.0252
HF469_aug630,attack,attack,False,False,0.0,0.0117
HF351_aug341,attack,attack,False,False,0.0,0.0081
HF64_aug55,benign,benign,False,False,0.0,0.016
HF522_aug148,attack,attack,False,False,0.0,0.0054
HF329_aug387,benign,benign,False,False,0.0,0.0126
HF700,benign,benign,False,False,0.0,0.0075
HF167_aug776,attack,attack,False,False,0.0,0.0099
HF657,attack,attack,False,False,0.0,0.0071
HF358_aug280,attack,attack,False,False,0.0,0.0095
HF572,benign,benign,False,False,0.0,0.0046
HF164_aug65,benign,benign,False,False,0.0,0.024
HF441,attack,attack,False,False,0.0,0.0205
HF546_aug397,attack,attack,False,False,0.0,0.1898
HF262_aug249,benign,benign,False,False,0.0,0.0207
HF518_aug200,benign,benign,False,False,0.0,0.0138
HF527,benign,benign,False,False,0.0,0.002
HF260,benign,benign,False,False,0.0,0.009
HF188_aug283,attack,attack,False,False,0.0,0.0057
HF539_aug129,attack,attack,False,False,0.0,0.0103
HF469_aug586,attack,attack,False,False,0.0,0.0128
HF725,attack,attack,False,False,0.0,0.0066
HF469_aug435,attack,attack,False,False,0.0,0.0112
HF351_aug269,attack,attack,False,False,0.0,0.0076
HF491_aug168,benign,benign,False,False,0.0,0.0221
HF410_aug120,attack,attack,False,False,0.0,0.0052
HF277,benign,benign,False,False,0.0,0.0036
HF8_aug64,attack,attack,False,False,0.0,0.0068
HF744,benign,benign,True,True,0.3333333333333333,0.0293
HF385_aug258,benign,benign,False,False,0.0,0.0026
HF239,attack,attack,False,False,0.0,0.0066
HF198_aug192,benign,benign,False,False,0.0,0.0166
HF436_aug47,benign,benign,False,False,0.0,0.0186
HF342_aug18,benign,benign,False,False,0.0,0.0224
HF167_aug278,attack,attack,False,False,0.0,0.0099
HF400_aug211,benign,benign,False,False,0.0,0.0019
HF721_aug367,benign,benign,False,False,0.0,0.0035
HF601,benign,benign,False,False,0.0,0.0175
HF626,benign,benign,False,False,0.0,0.0215
HF539_aug685,attack,attack,False,False,0.0,0.0064
HF246_aug220,attack,attack,False,False,0.0,0.0051
HF576_aug129,benign,benign,False,False,0.0,0.0124
HF614,benign,benign,False,False,0.0,0.0253
HF522_aug562,attack,attack,False,False,0.0,0.0059
HF291_aug317,attack,attack,False,False,0.0,0.0045
HF592,benign,benign,False,False,0.0,0.0027
HF504_aug411,attack,attack,False,False,0.0,0.009
HF726,benign,benign,False,False,0.0,0.0018
HF733_aug237,benign,benign,False,False,0.0,0.0196
HF329_aug113,benign,benign,False,False,0.0,0.0129
HF469_aug251,attack,attack,False,False,0.0,0.0104
HF546_aug528,attack,attack,False,False,0.0,0.0126
HF358_aug332,attack,attack,False,False,0.0,0.0091
HF445_aug763,attack,attack,False,False,0.0,0.0058
HF395,benign,benign,False,False,0.0,0.0173
HF576_aug194,benign,benign,False,False,0.0,0.0125
HF394_aug59,attack,attack,False,False,0.0,0.005
HF539_aug333,attack,attack,False,False,0.0,0.0065
HF351_aug766,attack,attack,False,False,0.0,0.0072
HF516_aug38,attack,attack,False,False,0.0,0.0044
HF307_aug617,attack,attack,False,False,0.0,0.015
HF206_aug490,attack,attack,False,False,0.0,0.0039
HF258_aug218,attack,attack,False,False,0.0,0.0035
HF115,benign,benign,False,False,0.0,0.0026
HF280_aug453,benign,benign,False,False,0.0,0.0215
HF307_aug163,attack,attack,False,False,0.0,0.015
HF28,benign,benign,False,False,0.0,0.0038
HF335,benign,benign,False,False,0.0,0.0033
HF159_aug386,attack,attack,False,False,0.0,0.0071
HF243_aug534,attack,attack,False,False,0.0,0.0069
HF14_aug216,benign,benign,False,False,0.0,0.0176
HF743_aug739,attack,attack,False,False,0.0,0.0022
HF254,attack,attack,False,False,0.0,0.0052
HF567,benign,benign,False,False,0.0,0.003
HF354_aug57,attack,attack,True,True,0.3333333333333333,0.1368
HF179,attack,attack,False,False,0.0,0.011
HF741,attack,attack,False,False,0.0,0.0043
HF124_aug243,benign,benign,False,False,0.0,0.0039
HF396_aug448,attack,attack,False,False,0.0,0.0067
HF95_aug130,attack,attack,False,False,0.0,0.0052
HF500,benign,benign,False,False,0.0,0.0026
HF8_aug391,attack,attack,False,False,0.0,0.0065
HF543,benign,benign,False,False,0.0,0.0025
HF366_aug255,benign,benign,False,False,0.0,0.0032
HF437,benign,benign,False,False,0.0,0.02
HF151,benign,benign,False,False,0.0,0.0232
HF9,benign,benign,False,False,0.0,0.0042
HF455,benign,benign,False,False,0.0,0.0185
HF749_aug224,attack,attack,False,False,0.0,0.0273
HF388_aug13,benign,benign,False,False,0.0,0.015
HF408,benign,benign,False,False,0.0,0.0037
HF311_aug388,attack,attack,False,False,0.0,0.0056
HF323_aug412,benign,benign,False,False,0.0,0.0156
HF14_aug431,benign,benign,False,False,0.0,0.0177
HF189,benign,benign,False,False,0.0,0.0172
HF39_aug783,attack,attack,True,True,0.3333333333333333,0.0591
HF711_aug196,attack,attack,False,False,0.0,0.0074
HF702,benign,benign,False,False,0.0,0.0187
HF105_aug234,attack,attack,False,False,0.0,0.0117
HF720,attack,attack,False,False,0.0,0.0127
HF596,benign,benign,False,False,0.0,0.0039
HF206_aug412,attack,attack,False,False,0.0,0.0039
HF677,benign,benign,False,False,0.0,0.0023
HF539_aug374,attack,attack,False,False,0.0,0.0067
HF725_aug784,attack,attack,False,False,0.0,0.006
HF593,benign,benign,False,False,0.0,0.0021
HF307_aug504,attack,attack,False,False,0.0,0.0154
HF359,benign,benign,False,False,0.0,0.0022
HF507,attack,attack,False,False,0.0,0.0024
HF497,benign,benign,False,False,0.0,0.0026
HF11,attack,attack,False,False,0.0,0.0025
HF306,benign,benign,False,False,0.0,0.0019
HF483_aug324,benign,benign,False,False,0.0,0.0239
HF488_aug77,benign,benign,False,False,0.0,0.0176
HF354_aug137,attack,attack,True,True,0.3333333333333333,0.129
HF187_aug224,benign,benign,False,False,0.0,0.0227
HF733,benign,benign,False,False,0.0,0.0195
HF358_aug281,attack,attack,False,False,0.0,0.0096
HF556_aug63,attack,attack,False,False,0.0,0.0082
HF183_aug174,attack,attack,False,False,0.0,0.0114
HF311_aug539,attack,attack,False,False,0.0,0.0057
HF18,benign,benign,False,False,0.0,0.0027
HF120_aug237,attack,attack,False,False,0.0,0.0045
HF654_aug69,attack,attack,False,False,0.0,0.0042
HF681,attack,attack,False,False,0.0,0.0053
HF546_aug737,attack,attack,False,False,0.0,0.0128
HF170_aug42,attack,attack,False,False,0.0,0.0151
HF311_aug729,attack,attack,False,False,0.0,0.0056
HF161_aug243,attack,attack,False,False,0.0,0.0102
HF183_aug394,attack,attack,False,False,0.0,0.0118
HF678_aug615,attack,attack,False,False,0.0,0.1331
HF377,benign,benign,False,False,0.0,0.0272
HF721_aug131,benign,benign,False,False,0.0,0.0255
HF725_aug284,attack,attack,False,False,0.0,0.0342
HF612_aug478,attack,attack,False,False,0.0,0.0277
HF351_aug213,attack,attack,False,False,0.0,0.024
HF461_aug71,attack,attack,False,False,0.0,0.0096
HF644,benign,benign,False,False,0.0,0.0027
HF308_aug284,benign,benign,True,True,0.3333333333333333,0.0155
HF620,benign,benign,False,False,0.0,0.0034
HF381_aug48,attack,attack,False,False,0.0,0.006
HF445_aug211,attack,attack,False,False,0.0,0.0066
HF535,benign,benign,False,False,0.0,0.0307
HF428,benign,benign,False,False,0.0,0.0164
HF410_aug513,attack,attack,False,False,0.0,0.0044
HF538_aug108,attack,attack,False,False,0.0,0.0173
HF354_aug724,attack,attack,True,True,0.3333333333333333,0.1124
HF610_aug179,attack,attack,False,False,0.0,0.0096
HF700_aug20,benign,benign,False,False,0.0,0.0078
HF170_aug223,attack,attack,False,False,0.0,0.0156
HF308_aug329,benign,benign,True,True,0.3333333333333333,0.0158
HF159_aug330,attack,attack,False,False,0.0,0.0069
HF743_aug550,attack,attack,False,False,0.0,0.0024
HF696_aug563,attack,attack,False,False,0.0,0.004
HF495,benign,benign,False,False,0.0,0.0025
HF100_aug206,attack,attack,False,False,0.0,0.0067
HF548_aug69,benign,benign,True,True,0.3333333333333333,0.0158
HF539_aug492,attack,attack,False,False,0.0,0.0064
HF733_aug193,benign,benign,False,False,0.0,0.0202
HF253_aug346,attack,attack,False,False,0.0,0.0045
HF326_aug734,attack,attack,False,False,0.0,0.0053
HF541,benign,benign,False,False,0.0,0.0189
HF567_aug62,benign,benign,False,False,0.0,0.0032
HF124_aug394,benign,benign,False,False,0.0,0.0037
HF661,benign,benign,False,False,0.0,0.0116
HF674,attack,attack,False,False,0.0,0.0055
HF178_aug395,benign,benign,False,False,0.0,0.015
HF227,benign,benign,False,False,0.0,0.0084
HF639,attack,attack,False,False,0.0,0.0036
HF381_aug90,attack,attack,False,False,0.0,0.0051
HF610_aug359,attack,attack,False,False,0.0,0.0068
HF622,benign,benign,False,False,0.0,0.0161
HF487_aug331,benign,benign,False,False,0.0,0.0114
HF487_aug106,benign,benign,False,False,0.0,0.0115
HF159_aug647,attack,attack,False,False,0.0,0.0069
HF258_aug70,attack,attack,False,False,0.0,0.0034
HF14_aug4,benign,benign,False,False,0.0,0.0183
HF45,benign,benign,False,False,0.0,0.0043
HF216_aug198,benign,benign,False,False,0.0,0.0041
HF639_aug169,attack,attack,False,False,0.0,0.0039
HF178_aug124,benign,benign,False,False,0.0,0.015
HF522_aug519,attack,attack,False,False,0.0,0.0057
HF711_aug531,attack,attack,False,False,0.0,0.0074
HF291_aug575,attack,attack,False,False,0.0,0.0047
HF39_aug316,attack,attack,True,True,0.3333333333333333,0.0592
HF243_aug132,attack,attack,False,False,0.0,0.0064
HF654_aug643,attack,attack,False,False,0.0,0.0042
HF347,benign,benign,False,False,0.0,0.0056
HF67,benign,benign,False,False,0.0,0.0016
HF205_aug378,benign,benign,False,False,0.0,0.0079
HF78,attack,attack,False,False,0.0,0.0034
HF354_aug505,attack,attack,True,True,0.3333333333333333,0.1213
HF430_aug698,attack,attack,False,False,0.0,0.0052
HF571_aug434,benign,benign,False,False,0.0,0.0186
HF10_aug27,benign,benign,False,False,0.0,0.0145
HF546_aug701,attack,attack,False,False,0.0,0.0134
HF99_aug263,attack,attack,False,False,0.0,0.0081
HF462_aug432,benign,benign,False,False,0.0,0.0227
HF743,attack,attack,False,False,0.0,0.0022
HF288,benign,benign,False,False,0.0,0.0024
HF71,benign,benign,False,False,0.0,0.0031
HF187,benign,benign,False,False,0.0,0.0216
HF528,benign,benign,False,False,0.0,0.0168
HF161_aug796,attack,attack,False,False,0.0,0.0104
HF95_aug525,attack,attack,False,False,0.0,0.0052
HF55_aug226,benign,benign,False,False,0.0,0.0491
HF202_aug364,benign,benign,False,False,0.0,0.037
HF14_aug276,benign,benign,False,False,0.0,0.0172
HF145_aug365,attack,attack,False,False,0.0,0.0047
HF161,attack,attack,False,False,0.0,0.0103
HF100_aug72,attack,attack,False,False,0.0,0.0065
HF130,benign,benign,False,False,0.0,0.0276
HF368,attack,attack,False,False,0.0,0.0031
HF324,benign,benign,False,False,0.0,0.0059
HF14_aug176,benign,benign,False,False,0.0,0.0177
HF155_aug287,benign,benign,False,False,0.0,0.0169
HF387,attack,attack,True,True,0.3333333333333333,0.0094
HF523_aug72,benign,benign,False,False,0.0,0.0425
HF95_aug295,attack,attack,False,False,0.0,0.0053
HF706_aug435,benign,benign,False,False,0.0,0.0037
HF720_aug679,attack,attack,False,False,0.0,0.0127
HF430_aug554,attack,attack,False,False,0.0,0.0052
HF556_aug417,attack,attack,False,False,0.0,0.008
HF143,benign,benign,False,False,0.0,0.0103
HF10_aug390,benign,benign,False,False,0.0,0.0152
HF354_aug607,attack,attack,True,True,0.3333333333333333,0.1119
HF48,benign,benign,False,False,0.0,0.0213
HF258,attack,attack,False,False,0.0,0.0034
HF393,benign,benign,False,False,0.0,0.0059
HF376,benign,benign,True,True,0.3333333333333333,0.0584
HF466,benign,benign,False,False,0.0,0.003
HF624,benign,benign,False,False,0.0,0.0028
HF120_aug279,attack,attack,False,False,0.0,0.0045
HF87,benign,benign,False,False,0.0,0.0121
HF170_aug304,attack,attack,False,False,0.0,0.0156
HF331,benign,benign,False,False,0.0,0.0027
HF26_aug316,benign,benign,False,False,0.0,0.0175
HF436_aug444,benign,benign,False,False,0.0,0.0187
HF649,benign,benign,False,False,0.0,0.0027
HF112_aug321,benign,benign,False,False,0.0,0.0235
HF621,benign,benign,False,False,0.0,0.0168
HF639_aug109,attack,attack,False,False,0.0,0.0037
HF99_aug760,attack,attack,False,False,0.0,0.0074
HF430_aug203,attack,attack,False,False,0.0,0.005
HF460,benign,benign,False,False,0.0,0.0023
HF617_aug104,benign,benign,False,False,0.0,0.0175
HF206_aug107,attack,attack,False,False,0.0,0.004
HF556_aug24,attack,attack,False,False,0.0,0.0083
HF712_aug312,benign,benign,False,False,0.0,0.0112
HF368_aug508,attack,attack,False,False,0.0,0.0031
HF730_aug398,benign,benign,False,False,0.0,0.0044
HF532,benign,benign,False,False,0.0,0.0084
HF700_aug240,benign,benign,False,False,0.0,0.0074
HF534,attack,attack,False,False,0.0,0.0301
HF561_aug9,benign,benign,False,False,0.0,0.0173
HF626_aug411,benign,benign,False,False,0.0,0.021
HF354_aug723,attack,attack,True,True,0.3333333333333333,0.1112
HF396_aug740,attack,attack,False,False,0.0,0.0066
HF386_aug634,attack,attack,False,False,0.0,0.0031
HF206_aug373,attack,attack,False,False,0.0,0.0036
HF354_aug355,attack,attack,True,True,0.3333333333333333,0.1125
HF329,benign,benign,False,False,0.0,0.0127
HF501,benign,benign,False,False,0.0,0.0091
HF484,benign,benign,False,False,0.0,0.0025
HF228,benign,benign,False,False,0.0,0.0027
HF603,benign,benign,False,False,0.0,0.0172
HF203_aug84,attack,attack,False,False,0.0,0.0066
HF618_aug59,benign,benign,False,False,0.0,0.002
HF73,benign,benign,False,False,0.0,0.004
HF546_aug396,attack,attack,False,False,0.0,0.0132
HF725_aug730,attack,attack,False,False,0.0,0.006
HF627,benign,benign,False,False,0.0,0.0026
HF54_aug92,benign,benign,False,False,0.0,0.0062
HF476_aug42,benign,benign,False,False,0.0,0.0255
HF52,benign,benign,False,False,0.0,0.0025
HF323,benign,benign,False,False,0.0,0.0155
HF606_aug604,attack,attack,False,False,0.0,0.0041
HF372_aug702,attack,attack,False,False,0.0,0.0075
HF332_aug134,benign,benign,True,True,0.3333333333333333,0.0173
HF286,benign,benign,False,False,0.0,0.0023
HF691_aug565,attack,attack,False,False,0.0,0.007
HF326_aug407,attack,attack,False,False,0.0,0.0065
HF216_aug447,benign,benign,False,False,0.0,0.0073
HF672_aug19,benign,benign,False,False,0.0,0.0037
HF583,benign,benign,False,False,0.0,0.0021
HF14,benign,benign,False,False,0.0,0.0183
HF430_aug291,attack,attack,False,False,0.0,0.0055
HF448,benign,benign,False,False,0.0,0.0289
HF266_aug75,attack,attack,False,False,0.0,0.0072
HF328_aug301,benign,benign,False,False,0.0,0.0042
HF444_aug156,attack,attack,False,False,0.0,0.0086
HF149,benign,benign,False,False,0.0,0.0134
HF445_aug34,attack,attack,False,False,0.0,0.0059
HF551_aug349,attack,attack,False,False,0.0,0.0132
HF550_aug322,benign,benign,False,False,0.0,0.0133
HF731_aug267,benign,benign,False,False,0.0,0.0185
HF340_aug6,attack,attack,False,False,0.0,0.0108
HF536,benign,benign,False,False,0.0,0.0154
HF184_aug15,benign,benign,False,False,0.0,0.0181
HF196,attack,attack,False,False,0.0,0.006
HF11_aug429,attack,attack,False,False,0.0,0.0026
HF388_aug416,benign,benign,False,False,0.0,0.0147
HF416_aug314,benign,benign,False,False,0.0,0.0033
HF257_aug271,benign,benign,False,False,0.0,0.0197
HF358_aug161,attack,attack,False,False,0.0,0.0097
HF632_aug303,attack,attack,False,False,0.0,0.0052
HF232,benign,benign,False,False,0.0,0.0027
HF168,benign,benign,False,False,0.0,0.0202
HF255_aug84,benign,benign,False,False,0.0,0.019
HF300,benign,benign,False,False,0.0,0.0026
HF217,benign,benign,False,False,0.0,0.0027
HF176,benign,benign,False,False,0.0,0.0028
HF599_aug49,benign,benign,False,False,0.0,0.0325
HF426,attack,attack,False,False,0.0,0.0313
HF345,benign,benign,False,False,0.0,0.0021
HF565_aug448,benign,benign,False,False,0.0,0.0152
HF110_aug320,attack,attack,False,False,0.0,0.0083
HF95_aug311,attack,attack,False,False,0.0,0.0054
HF291,attack,attack,False,False,0.0,0.0045
HF743_aug713,attack,attack,False,False,0.0,0.0021
HF23,benign,benign,False,False,0.0,0.0032
HF311_aug178,attack,attack,False,False,0.0,0.0055
HF35,benign,benign,False,False,0.0,0.0024
HF655_aug143,benign,benign,False,False,0.0,0.0213
HF307,attack,attack,False,False,0.0,0.0152
HF229_aug132,benign,benign,False,False,0.0,0.022
HF612_aug127,attack,attack,False,False,0.0,0.0257
HF39,attack,attack,True,True,0.3333333333333333,0.0595
HF654_aug543,attack,attack,False,False,0.0,0.0041
HF655_aug8,benign,benign,False,False,0.0,0.0215
HF522_aug712,attack,attack,False,False,0.0,0.0056
HF610_aug671,attack,attack,False,False,0.0,0.0067
HF326_aug249,attack,attack,False,False,0.0,0.0051
HF110_aug288,attack,attack,False,False,0.0,0.0081
HF656,benign,benign,True,True,0.3333333333333333,0.0036
HF711_aug85,attack,attack,False,False,0.0,0.0075
HF711_aug746,attack,attack,False,False,0.0,0.0075
HF227_aug440,benign,benign,False,False,0.0,0.008
HF512,benign,benign,False,False,0.0,0.0049
HF209,benign,benign,False,False,0.0,0.0062
HF265_aug503,attack,attack,False,False,0.0,0.005
HF306_aug181,benign,benign,False,False,0.0,0.0021
HF709_aug156,benign,benign,False,False,0.0,0.0188
HF744_aug83,benign,benign,True,True,0.3333333333333333,0.0293
HF328_aug54,benign,benign,False,False,0.0,0.0041
HF737,benign,benign,False,False,0.0,0.0028
HF565,benign,benign,False,False,0.0,0.0147
HF148_aug105,benign,benign,False,False,0.0,0.02
HF195_aug125,attack,attack,False,False,0.0,0.0043
HF172_aug240,attack,attack,False,False,0.0,0.0052
HF307_aug572,attack,attack,False,False,0.0,0.015
HF117,benign,benign,True,True,0.3333333333333333,0.0428
HF305,benign,benign,False,False,0.0,0.022
HF718_aug90,benign,benign,False,False,0.0,0.0211
HF659,attack,attack,False,False,0.0,0.0049
HF451,benign,benign,False,False,0.0,0.0073
HF654_aug502,attack,attack,False,False,0.0,0.0046
HF311,attack,attack,False,False,0.0,0.0056
HF216_aug338,benign,benign,False,False,0.0,0.0041
HF633_aug402,benign,benign,False,False,0.0,0.0184
HF711_aug255,attack,attack,False,False,0.0,0.0075
HF621_aug283,benign,benign,False,False,0.0,0.017
HF183,attack,attack,False,False,0.0,0.0114
HF689,benign,benign,False,False,0.0,0.0027
HF639_aug441,attack,attack,False,False,0.0,0.0038
HF351_aug475,attack,attack,False,False,0.0,0.0074
HF159_aug19,attack,attack,False,False,0.0,0.0069
HF406,attack,attack,False,False,0.0,0.0025
HF145_aug780,attack,attack,False,False,0.0,0.0047
HF318,benign,benign,False,False,0.0,0.0025
HF39_aug797,attack,attack,True,True,0.3333333333333333,0.0592
HF654,attack,attack,False,False,0.0,0.0039
HF243_aug579,attack,attack,False,False,0.0,0.0065
HF319_aug387,attack,attack,False,False,0.0,0.0037
HF227_aug14,benign,benign,False,False,0.0,0.0083
HF90,attack,attack,False,False,0.0,0.0056
HF551_aug221,attack,attack,False,False,0.0,0.0129
HF478,benign,benign,False,False,0.0,0.0149
HF152_aug83,attack,attack,False,False,0.0,0.0025
HF571_aug38,benign,benign,False,False,0.0,0.0197
HF103_aug226,attack,attack,False,False,0.0,0.0121
HF699,benign,benign,False,False,0.0,0.0028
HF443,benign,benign,False,False,0.0,0.0235
HF639_aug467,attack,attack,False,False,0.0,0.0035
HF126,attack,attack,False,False,0.0,0.0059
HF319_aug738,attack,attack,False,False,0.0,0.0038
HF43_aug520,attack,attack,False,False,0.0,0.0099
HF243_aug792,attack,attack,False,False,0.0,0.0062
HF551_aug12,attack,attack,False,False,0.0,0.0131
HF368_aug611,attack,attack,False,False,0.0,0.0032
HF638_aug124,attack,attack,False,False,0.0,0.0276
HF183_aug358,attack,attack,False,False,0.0,0.0113
HF155,benign,benign,False,False,0.0,0.0163
HF725_aug498,attack,attack,False,False,0.0,0.0059
HF130_aug33,benign,benign,False,False,0.0,0.0282
HF264,benign,benign,False,False,0.0,0.002
HF215_aug139,attack,attack,False,False,0.0,0.0071
HF161_aug427,attack,attack,False,False,0.0,0.0104
HF524,attack,attack,False,False,0.0,0.0053
HF432,benign,benign,False,False,0.0,0.0025
HF351_aug158,attack,attack,False,False,0.0,0.0073
HF302,attack,attack,False,False,0.0,0.0055
HF171,attack,attack,False,False,0.0,0.0078
HF354_aug266,attack,attack,True,True,0.3333333333333333,0.1119
HF555,attack,attack,False,False,0.0,0.0157
HF606_aug570,attack,attack,False,False,0.0,0.0043
HF334,benign,benign,False,False,0.0,0.0067
HF282,benign,benign,False,False,0.0,0.002
HF561,benign,benign,False,False,0.0,0.0179
HF284,benign,benign,True,True,0.3333333333333333,0.0124
HF112_aug85,benign,benign,False,False,0.0,0.0234
HF539_aug298,attack,attack,False,False,0.0,0.0064
HF227_aug219,benign,benign,False,False,0.0,0.0082
HF663,attack,attack,False,False,0.0,0.018
HF62,benign,benign,False,False,0.0,0.0086
HF69_aug210,benign,benign,False,False,0.0,0.0118
HF291_aug748,attack,attack,False,False,0.0,0.0047
HF440,benign,benign,False,False,0.0,0.006
HF242_aug74,benign,benign,False,False,0.0,0.0408
HF100_aug326,attack,attack,False,False,0.0,0.0068
HF546_aug144,attack,attack,False,False,0.0,0.0131
HF537,benign,benign,False,False,0.0,0.005
HF497_aug415,benign,benign,False,False,0.0,0.0057
HF65,benign,benign,False,False,0.0,0.0051
HF655_aug427,benign,benign,False,False,0.0,0.0247
HF602,benign,benign,False,False,0.0,0.0139
HF351_aug399,attack,attack,False,False,0.0,0.0082
HF390,benign,benign,False,False,0.0,0.0286
HF265_aug41,attack,attack,False,False,0.0,0.0057
HF470,benign,benign,False,False,0.0,0.0024
HF86,benign,benign,False,False,0.0,0.005
HF648,benign,benign,False,False,0.0,0.0218
HF639_aug110,attack,attack,False,False,0.0,0.0037
HF43_aug233,attack,attack,False,False,0.0,0.0108
HF124_aug353,benign,benign,False,False,0.0,0.004
HF458,benign,benign,False,False,0.0,0.0041
HF206_aug106,attack,attack,False,False,0.0,0.0041
HF444_aug228,attack,attack,False,False,0.0,0.0087
HF110_aug458,attack,attack,False,False,0.0,0.0084
HF469_aug168,attack,attack,False,False,0.0,0.0103
HF720_aug364,attack,attack,False,False,0.0,0.0135
HF522_aug777,attack,attack,False,False,0.0,0.0058
HF673,attack,attack,False,False,0.0,0.0075
HF503,benign,benign,False,False,0.0,0.0022
HF11_aug419,attack,attack,False,False,0.0,0.0026
HF504_aug616,attack,attack,False,False,0.0,0.0087
HF271,benign,benign,False,False,0.0,0.0054
HF120_aug750,attack,attack,False,False,0.0,0.0045
HF582,benign,benign,False,False,0.0,0.0072
HF617_aug295,benign,benign,False,False,0.0,0.018
HF369_aug720,attack,attack,False,False,0.0,0.0112
HF94,benign,benign,False,False,0.0,0.0151
HF606_aug94,attack,attack,False,False,0.0,0.0041
HF161_aug764,attack,attack,False,False,0.0,0.0106
HF547_aug259,attack,attack,False,False,0.0,0.0044
HF421,benign,benign,False,False,0.0,0.0029
HF247,benign,benign,False,False,0.0,0.0021
HF632_aug175,attack,attack,False,False,0.0,0.0052
HF95_aug596,attack,attack,False,False,0.0,0.0054
HF137,benign,benign,False,False,0.0,0.0031
HF383,attack,attack,False,False,0.0,0.004
HF446,attack,attack,False,False,0.0,0.0043
HF693_aug450,benign,benign,False,False,0.0,0.0203
HF11_aug636,attack,attack,False,False,0.0,0.0026
HF326_aug153,attack,attack,False,False,0.0,0.0053
HF523_aug71,benign,benign,False,False,0.0,0.0433
HF539_aug480,attack,attack,False,False,0.0,0.0064
HF430_aug610,attack,attack,False,False,0.0,0.0051
HF541_aug135,benign,benign,False,False,0.0,0.0183
HF691_aug7,attack,attack,False,False,0.0,0.0076
HF676,benign,benign,False,False,0.0,0.0019
HF504,attack,attack,False,False,0.0,0.0091
HF364_aug429,benign,benign,False,False,0.0,0.0024
HF473,benign,benign,False,False,0.0,0.0072
HF390_aug252,benign,benign,False,False,0.0,0.0278
HF731_aug29,benign,benign,False,False,0.0,0.0181
HF252,benign,benign,False,False,0.0,0.0133
HF545,benign,benign,False,False,0.0,0.0031
HF571_aug270,benign,benign,False,False,0.0,0.0191
HF351_aug509,attack,attack,False,False,0.0,0.0073
HF297_aug248,benign,benign,False,False,0.0,0.0439
HF430_aug690,attack,attack,False,False,0.0,0.0051
HF351_aug657,attack,attack,False,False,0.0,0.0077
HF51,attack,attack,False,False,0.0,0.0172
HF718_aug149,benign,benign,False,False,0.0,0.0219
HF588,benign,benign,False,False,0.0,0.0025
HF351_aug80,attack,attack,False,False,0.0,0.0076
HF372_aug608,attack,attack,False,False,0.0,0.0173
HF475,benign,benign,False,False,0.0,0.0097
HF650_aug89,attack,attack,False,False,0.0,0.0028
HF396_aug552,attack,attack,False,False,0.0,0.0061
HF120_aug424,attack,attack,False,False,0.0,0.0047
HF170_aug741,attack,attack,False,False,0.0,0.0159
HF120_aug659,attack,attack,False,False,0.0,0.0043
HF461,attack,attack,False,False,0.0,0.0071
HF245,benign,benign,False,False,0.0,0.0258
HF749_aug121,attack,attack,False,False,0.0,0.0294
HF121,benign,benign,False,False,0.0,0.0171
HF258_aug641,attack,attack,False,False,0.0,0.0042
HF326_aug761,attack,attack,False,False,0.0,0.0066
HF69_aug319,benign,benign,False,False,0.0,0.0268
HF745_aug663,attack,attack,False,False,0.0,0.0091
HF161_aug719,attack,attack,False,False,0.0,0.0104
HF358_aug493,attack,attack,False,False,0.0,0.0096
HF551_aug13,attack,attack,False,False,0.0,0.0129
HF295_aug235,benign,benign,False,False,0.0,0.0181
HF362,benign,benign,False,False,0.0,0.002
HF562,attack,attack,False,False,0.0,0.0062
HF74,benign,benign,False,False,0.0,0.0027
HF161_aug786,attack,attack,False,False,0.0,0.0104
HF638_aug639,attack,attack,False,False,0.0,0.0284
HF606_aug432,attack,attack,False,False,0.0,0.0039
HF469_aug314,attack,attack,False,False,0.0,0.0103
HF589,benign,benign,False,False,0.0,0.0052
HF710_aug202,benign,benign,False,False,0.0,0.0266
HF551_aug395,attack,attack,False,False,0.0,0.0125
HF732,attack,attack,False,False,0.0,0.0112
HF491_aug238,benign,benign,False,False,0.0,0.0209
HF11_aug667,attack,attack,False,False,0.0,0.0027
HF203_aug208,attack,attack,False,False,0.0,0.0065
HF351,attack,attack,False,False,0.0,0.0075
HF1,benign,benign,False,False,0.0,0.0135
HF694,benign,benign,False,False,0.0,0.0028
HF556,attack,attack,False,False,0.0,0.0082
HF638_aug217,attack,attack,False,False,0.0,0.0281
HF227_aug257,benign,benign,False,False,0.0,0.009
HF396_aug275,attack,attack,False,False,0.0,0.0063
HF137_aug310,benign,benign,False,False,0.0,0.0029
HF691_aug466,attack,attack,False,False,0.0,0.0071
HF577,benign,benign,False,False,0.0,0.0033
HF641_aug326,benign,benign,False,False,0.0,0.0143
HF417,benign,benign,False,False,0.0,0.0043
HF243_aug245,attack,attack,False,False,0.0,0.0065
HF387_aug351,attack,attack,True,True,0.3333333333333333,0.01
HF660,attack,attack,False,False,0.0,0.0067
HF188_aug188,attack,attack,False,False,0.0,0.0057
HF326_aug376,attack,attack,False,False,0.0,0.0055
HF652,benign,benign,False,False,0.0,0.0032
HF343_aug161,benign,benign,False,False,0.0,0.0315
HF400,benign,benign,False,False,0.0,0.0019
HF523_aug99,benign,benign,False,False,0.0,0.0427
HF29,benign,benign,False,False,0.0,0.0075
HF307_aug618,attack,attack,False,False,0.0,0.0159
HF168_aug279,benign,benign,False,False,0.0,0.0207
HF333_aug782,attack,attack,False,False,0.0,0.0569
HF472,benign,benign,False,False,0.0,0.0027
HF319_aug462,attack,attack,False,False,0.0,0.0042
HF511,attack,attack,False,False,0.0,0.0041
HF707,benign,benign,False,False,0.0,0.0023
HF590,benign,benign,False,False,0.0,0.0026
HF167_aug662,attack,attack,False,False,0.0,0.0097
HF351_aug219,attack,attack,False,False,0.0,0.0077
HF696_aug434,attack,attack,False,False,0.0,0.0038
HF566,benign,benign,False,False,0.0,0.0166
HF333_aug597,attack,attack,False,False,0.0,0.053
HF563,benign,benign,False,False,0.0,0.0028
HF105_aug413,attack,attack,False,False,0.0,0.0121
HF253_aug92,attack,attack,False,False,0.0,0.0046
HF391_aug721,attack,attack,False,False,0.0,0.0036
HF373,benign,benign,False,False,0.0,0.0034
HF26_aug357,benign,benign,False,False,0.0,0.0177
HF316,attack,attack,False,False,0.0,0.0062
HF154,attack,attack,False,False,0.0,0.0052
HF565_aug256,benign,benign,False,False,0.0,0.0188
HF601_aug388,benign,benign,False,False,0.0,0.0189
HF468,attack,attack,False,False,0.0,0.0139
HF2,benign,benign,False,False,0.0,0.0029
HF224,benign,benign,False,False,0.0,0.0077
HF128,benign,benign,False,False,0.0,0.0032
HF342_aug309,benign,benign,False,False,0.0,0.0223
HF480,benign,benign,False,False,0.0,0.0131
HF685,benign,benign,False,False,0.0,0.0049
HF616,attack,attack,False,False,0.0,0.0036
HF195_aug522,attack,attack,False,False,0.0,0.0045
HF551_aug88,attack,attack,False,False,0.0,0.0134
HF290,benign,benign,False,False,0.0,0.0093
HF576_aug43,benign,benign,False,False,0.0,0.0296
HF364_aug351,benign,benign,False,False,0.0,0.0048
HF388_aug96,benign,benign,False,False,0.0,0.0153
HF502,benign,benign,False,False,0.0,0.0233
HF265_aug576,attack,attack,False,False,0.0,0.0052
HF410_aug637,attack,attack,False,False,0.0,0.0046
HF159_aug146,attack,attack,False,False,0.0,0.0068
HF581_aug399,benign,benign,False,False,0.0,0.0136
HF195_aug369,attack,attack,False,False,0.0,0.0044
HF539_aug715,attack,attack,False,False,0.0,0.0064
HF539_aug774,attack,attack,False,False,0.0,0.0066
HF216_aug368,benign,benign,False,False,0.0,0.0039
HF641,benign,benign,False,False,0.0,0.0154
HF706_aug46,benign,benign,False,False,0.0,0.0034
HF442,benign,benign,False,False,0.0,0.0023
HF655_aug299,benign,benign,False,False,0.0,0.0231
HF490,attack,attack,False,False,0.0,0.0019
HF394_aug256,attack,attack,False,False,0.0,0.0052
HF110_aug173,attack,attack,False,False,0.0,0.0087
HF476,benign,benign,False,False,0.0,0.0278
HF8_aug131,attack,attack,False,False,0.0,0.0069
HF226,benign,benign,False,False,0.0,0.0023
HF14_aug215,benign,benign,False,False,0.0,0.0178
HF623,benign,benign,False,False,0.0,0.0053
HF167_aug614,attack,attack,False,False,0.0,0.0097
HF157,benign,benign,False,False,0.0,0.0085
HF7,benign,benign,False,False,0.0,0.0104
HF626_aug311,benign,benign,False,False,0.0,0.1839
HF357_aug409,benign,benign,False,False,0.0,0.0131
HF548_aug305,benign,benign,True,True,0.3333333333333333,0.0157
HF113_aug708,attack,attack,False,False,0.0,0.0096
HF641_aug384,benign,benign,False,False,0.0,0.0141
HF177,benign,benign,False,False,0.0,0.0026
HF547_aug126,attack,attack,False,False,0.0,0.0046
HF343,benign,benign,False,False,0.0,0.0307
HF246_aug116,attack,attack,False,False,0.0,0.005
HF189_aug144,benign,benign,False,False,0.0,0.017
HF499,benign,benign,False,False,0.0,0.0022
HF695_aug187,benign,benign,False,False,0.0,0.005
HF636,attack,attack,False,False,0.0,0.0042
HF58,attack,attack,False,False,0.0,0.003
HF471_aug381,benign,benign,False,False,0.0,0.021
HF640,attack,attack,False,False,0.0,0.0046
HF691_aug447,attack,attack,False,False,0.0,0.0069
HF77,benign,benign,False,False,0.0,0.004
HF246_aug58,attack,attack,False,False,0.0,0.0052
HF509,benign,benign,False,False,0.0,0.0029
HF202_aug3,benign,benign,False,False,0.0,0.0369
HF170_aug699,attack,attack,False,False,0.0,0.0153
HF522_aug470,attack,attack,False,False,0.0,0.0056
HF11_aug56,attack,attack,False,False,0.0,0.0025
HF663_aug642,attack,attack,False,False,0.0,0.0177
HF639_aug665,attack,attack,False,False,0.0,0.0034
HF565_aug254,benign,benign,False,False,0.0,0.0148
HF496,attack,attack,False,False,0.0,0.0075
HF170_aug691,attack,attack,False,False,0.0,0.0153
HF692_aug292,benign,benign,False,False,0.0,0.0057
HF612_aug347,attack,attack,False,False,0.0,0.025
HF120_aug117,attack,attack,False,False,0.0,0.0044
HF719,benign,benign,False,False,0.0,0.0025
HF491_aug260,benign,benign,False,False,0.0,0.0207
HF248,benign,benign,False,False,0.0,0.0029
HF265_aug356,attack,attack,False,False,0.0,0.0049
HF498,attack,attack,False,False,0.0,0.0088
HF599_aug189,benign,benign,False,False,0.0,0.03
HF265_aug329,attack,attack,False,False,0.0,0.005
HF522_aug22,attack,attack,False,False,0.0,0.0057
HF430_aug521,attack,attack,False,False,0.0,0.0053
HF628_aug584,attack,attack,False,False,0.0,0.018
HF59_aug172,benign,benign,False,False,0.0,0.0177
HF10,benign,benign,False,False,0.0,0.0146
HF100_aug207,attack,attack,False,False,0.0,0.0072
HF516_aug123,attack,attack,False,False,0.0,0.0042
HF371_aug220,benign,benign,False,False,0.0,0.013
HF243_aug97,attack,attack,False,False,0.0,0.0065
HF364,benign,benign,False,False,0.0,0.0023
HF46_aug400,benign,benign,False,False,0.0,0.0185
HF105,attack,attack,False,False,0.0,0.012
HF436_aug313,benign,benign,False,False,0.0,0.0185
HF504_aug512,attack,attack,False,False,0.0,0.009
HF13,benign,benign,False,False,0.0,0.0043
HF723,attack,attack,False,False,0.0,0.0182
HF100_aug238,attack,attack,False,False,0.0,0.0068
HF8_aug371,attack,attack,False,False,0.0,0.007
HF445_aug744,attack,attack,False,False,0.0,0.0059
HF556_aug795,attack,attack,False,False,0.0,0.0081
HF387_aug301,attack,attack,True,True,0.3333333333333333,0.0099
HF547_aug403,attack,attack,False,False,0.0,0.0043
HF705_aug171,benign,benign,False,False,0.0,0.0234
HF230,benign,benign,False,False,0.0,0.005
HF629_aug241,benign,benign,False,False,0.0,0.0192
HF749_aug644,attack,attack,False,False,0.0,0.0307
HF17,attack,attack,False,False,0.0,0.0221
HF399,benign,benign,False,False,0.0,0.0051
HF308,benign,benign,True,True,0.3333333333333333,0.0148
HF82_aug265,attack,attack,False,False,0.0,0.013
HF638_aug119,attack,attack,False,False,0.0,0.0287
HF36,attack,attack,False,False,0.0,0.0068
HF720_aug20,attack,attack,False,False,0.0,0.0129
HF521,benign,benign,False,False,0.0,0.019
HF120_aug345,attack,attack,False,False,0.0,0.0046
HF657_aug26,attack,attack,False,False,0.0,0.0071
HF152,attack,attack,False,False,0.0,0.0022
HF43_aug340,attack,attack,False,False,0.0,0.0098
HF265_aug40,attack,attack,False,False,0.0,0.0049
HF745_aug696,attack,attack,False,False,0.0,0.0072
HF190,benign,benign,False,False,0.0,0.0062
HF613,benign,benign,False,False,0.0,0.02
HF257_aug323,benign,benign,False,False,0.0,0.0196
HF349_aug640,attack,attack,False,False,0.0,0.0059
HF578,benign,benign,False,False,0.0,0.0018
HF138_aug108,benign,benign,False,False,0.0,0.0027
HF164_aug424,benign,benign,False,False,0.0,0.0235
HF8_aug459,attack,attack,False,False,0.0,0.007
HF294,benign,benign,False,False,0.0,0.0028
HF504_aug112,attack,attack,False,False,0.0,0.0089
HF265_aug489,attack,attack,False,False,0.0,0.005
HF692,benign,benign,False,False,0.0,0.0057
HF159_aug222,attack,attack,False,False,0.0,0.0066
HF8_aug392,attack,attack,False,False,0.0,0.0069
HF155_aug418,benign,benign,False,False,0.0,0.0165
HF368_aug420,attack,attack,False,False,0.0,0.003
HF238,benign,benign,False,False,0.0,0.0026
HF55,benign,benign,False,False,0.0,0.0488
HF606_aug25,attack,attack,False,False,0.0,0.0042
HF162,benign,benign,False,False,0.0,0.0101
HF462,benign,benign,False,False,0.0,0.0255
HF438,benign,benign,False,False,0.0,0.0127
HF233,attack,attack,False,False,0.0,0.0077
HF103,attack,attack,False,False,0.0,0.0121
HF515,attack,attack,False,False,0.0,0.0035
HF253_aug334,attack,attack,False,False,0.0,0.0048
HF351_aug609,attack,attack,False,False,0.0,0.0078
HF634,benign,benign,False,False,0.0,0.0027
HF310,attack,attack,False,False,0.0,0.0079
HF309_aug115,benign,benign,False,False,0.0,0.0018
HF568_aug100,benign,benign,False,False,0.0,0.0241
HF545_aug259,benign,benign,False,False,0.0,0.0032
HF404_aug272,benign,benign,False,False,0.0,0.0189
HF241_aug31,benign,benign,True,True,0.3333333333333333,0.0116
HF205,benign,benign,False,False,0.0,0.0081
HF650_aug160,attack,attack,False,False,0.0,0.0029
HF189_aug66,benign,benign,False,False,0.0,0.0176
HF242_aug320,benign,benign,False,False,0.0,0.0375
HF32,benign,benign,False,False,0.0,0.0036
HF37,benign,benign,False,False,0.0,0.0065
HF422,benign,benign,False,False,0.0,0.021
HF494,benign,benign,False,False,0.0,0.0091
HF202_aug185,benign,benign,False,False,0.0,0.0942
HF396_aug463,attack,attack,False,False,0.0,0.0168
HF358_aug162,attack,attack,False,False,0.0,0.0254
HF268,attack,attack,False,False,0.0,0.012
HF110,attack,attack,False,False,0.0,0.0204
HF597,benign,benign,False,False,0.0,0.0233
HF369_aug323,attack,attack,False,False,0.0,0.0113
HF594_aug289,benign,benign,False,False,0.0,0.0168
HF188,attack,attack,False,False,0.0,0.0052
HF538_aug436,attack,attack,False,False,0.0,0.0173
HF103_aug100,attack,attack,False,False,0.0,0.0115
HF444_aug516,attack,attack,False,False,0.0,0.0087
HF678_aug422,attack,attack,False,False,0.0,0.0043
HF41,attack,attack,False,False,0.0,0.0029
HF253_aug601,attack,attack,False,False,0.0,0.0045
HF64,benign,benign,False,False,0.0,0.0156
HF206_aug134,attack,attack,False,False,0.0,0.0038
HF170,attack,attack,False,False,0.0,0.0236
HF649_aug218,benign,benign,False,False,0.0,0.0029
HF386,attack,attack,False,False,0.0,0.0028
HF522_aug147,attack,attack,False,False,0.0,0.0057
HF107,benign,benign,False,False,0.0,0.0193
HF396_aug36,attack,attack,False,False,0.0,0.0063
HF333_aug11,attack,attack,False,False,0.0,0.0562
HF587_aug230,benign,benign,False,False,0.0,0.0158
HF198,benign,benign,False,False,0.0,0.0167
HF203_aug591,attack,attack,False,False,0.0,0.0063
HF573_aug41,benign,benign,False,False,0.0,0.0176
HF671_aug37,benign,benign,False,False,0.0,0.0168
HF278_aug126,benign,benign,False,False,0.0,0.0025
HF691_aug321,attack,attack,False,False,0.0,0.007
HF547_aug30,attack,attack,False,False,0.0,0.0044
HF243_aug442,attack,attack,False,False,0.0,0.0064
HF697,benign,benign,False,False,0.0,0.0037
HF504_aug331,attack,attack,False,False,0.0,0.009
HF521_aug396,benign,benign,False,False,0.0,0.0187
HF657_aug401,attack,attack,False,False,0.0,0.0073
HF459,benign,benign,False,False,0.0,0.0044
HF96,benign,benign,False,False,0.0,0.0021
HF423,benign,benign,False,False,0.0,0.0024
HF206,attack,attack,False,False,0.0,0.004
HF365,benign,benign,False,False,0.0,0.0184
HF326,attack,attack,False,False,0.0,0.0054
HF743_aug464,attack,attack,False,False,0.0,0.0024
HF445_aug78,attack,attack,False,False,0.0,0.0057
HF156,benign,benign,False,False,0.0,0.0052
HF351_aug157,attack,attack,False,False,0.0,0.0073
HF184,benign,benign,False,False,0.0,0.0181
HF237,benign,benign,False,False,0.0,0.035
HF387_aug645,attack,attack,True,True,0.3333333333333333,0.01
HF713,benign,benign,False,False,0.0,0.0029
HF396,attack,attack,False,False,0.0,0.0063
HF159,attack,attack,False,False,0.0,0.0069
HF445,attack,attack,False,False,0.0,0.0056
HF546_aug2,attack,attack,False,False,0.0,0.0127
HF180,attack,attack,False,False,0.0,0.0027
HF358_aug343,attack,attack,False,False,0.0,0.0097
HF243,attack,attack,False,False,0.0,0.0063
HF278_aug195,benign,benign,False,False,0.0,0.0025
HF683_aug2,benign,benign,False,False,0.0,0.0173
HF678,attack,attack,False,False,0.0,0.0045
HF493,attack,attack,False,False,0.0,0.0218
HF504_aug697,attack,attack,False,False,0.0,0.0089
HF206_aug594,attack,attack,False,False,0.0,0.004
HF469,attack,attack,False,False,0.0,0.0105
HF281,attack,attack,False,False,0.0,0.0082
HF573_aug441,benign,benign,False,False,0.0,0.0178
HF739,benign,benign,False,False,0.0,0.0024
HF743_aug339,attack,attack,False,False,0.0,0.0023
HF460_aug123,benign,benign,False,False,0.0,0.0022
HF539_aug781,attack,attack,False,False,0.0,0.0063
HF628,attack,attack,False,False,0.0,0.0182
HF206_aug46,attack,attack,False,False,0.0,0.0041
HF161_aug244,attack,attack,False,False,0.0,0.011
HF705,benign,benign,False,False,0.0,0.0231
HF110_aug656,attack,attack,False,False,0.0,0.0085
HF295,benign,benign,False,False,0.0,0.0186
HF354,attack,attack,True,True,0.3333333333333333,0.1347
HF633_aug428,benign,benign,False,False,0.0,0.0189
HF215_aug535,attack,attack,False,False,0.0,0.0073
HF353,benign,benign,False,False,0.0,0.0124
HF369,attack,attack,False,False,0.0,0.0111
HF556_aug232,attack,attack,False,False,0.0,0.0083
HF265,attack,attack,False,False,0.0,0.005
HF705_aug246,benign,benign,False,False,0.0,0.0231
HF328,benign,benign,False,False,0.0,0.004
HF539_aug716,attack,attack,False,False,0.0,0.0064
HF729_aug166,benign,benign,False,False,0.0,0.0042
HF404_aug125,benign,benign,False,False,0.0,0.0176
HF297_aug75,benign,benign,False,False,0.0,0.043
HF316_aug560,attack,attack,False,False,0.0,0.0063
HF90_aug787,attack,attack,False,False,0.0,0.0058
HF233_aug186,attack,attack,False,False,0.0,0.0075
HF172_aug33,attack,attack,False,False,0.0,0.0054
HF695,benign,benign,False,False,0.0,0.0041
HF628_aug65,attack,attack,False,False,0.0,0.0183
HF262,benign,benign,False,False,0.0,0.017
HF419,attack,attack,False,False,0.0,0.0074
HF733_aug61,benign,benign,False,False,0.0,0.02
HF547_aug471,attack,attack,False,False,0.0,0.0045
HF172_aug47,attack,attack,False,False,0.0,0.0053
HF618,benign,benign,False,False,0.0,0.002
HF565_aug449,benign,benign,False,False,0.0,0.0152
HF340,attack,attack,False,False,0.0,0.0106
HF132,attack,attack,False,False,0.0,0.0032
HF630,benign,benign,False,False,0.0,0.022
HF306_aug122,benign,benign,False,False,0.0,0.002
HF8_aug246,attack,attack,False,False,0.0,0.0068
HF639_aug514,attack,attack,False,False,0.0,0.0037
HF721_aug264,benign,benign,False,False,0.0,0.0036
HF708,benign,benign,False,False,0.0,0.0211
HF3,attack,attack,False,False,0.0,0.0039
HF523,benign,benign,False,False,0.0,0.0424
HF136,benign,benign,False,False,0.0,0.0032
HF146,benign,benign,False,False,0.0,0.0129
HF315,benign,benign,False,False,0.0,0.0025
HF293,attack,attack,False,False,0.0,0.0135
HF401,benign,benign,False,False,0.0,0.0172
HF469_aug474,attack,attack,False,False,0.0,0.0105
HF54_aug375,benign,benign,False,False,0.0,0.0058
HF61,benign,benign,False,False,0.0,0.0056
HF326_aug568,attack,attack,False,False,0.0,0.0052
HF241_aug401,benign,benign,True,True,0.3333333333333333,0.0118
HF389,benign,benign,False,False,0.0,0.0027
HF618_aug35,benign,benign,False,False,0.0,0.0037
HF670,benign,benign,False,False,0.0,0.0069
HF546_aug202,attack,attack,False,False,0.0,0.0159
HF93_aug182,benign,benign,False,False,0.0,0.0227
HF416,benign,benign,False,False,0.0,0.0037
HF474,benign,benign,False,False,0.0,0.0027
HF381,attack,attack,False,False,0.0,0.0065
HF410_aug486,attack,attack,False,False,0.0,0.0052
HF424,benign,benign,False,False,0.0,0.0298
HF291_aug624,attack,attack,False,False,0.0,0.0081
HF211,attack,attack,False,False,0.0,0.0067
HF606_aug650,attack,attack,False,False,0.0,0.0061
HF491,benign,benign,False,False,0.0,0.0214
HF628_aug21,attack,attack,False,False,0.0,0.0608
HF516,attack,attack,False,False,0.0,0.0049
HF118,benign,benign,False,False,0.0,0.0032
HF152_aug171,attack,attack,False,False,0.0,0.0026
HF581,benign,benign,False,False,0.0,0.014
HF202,benign,benign,False,False,0.0,0.0362
HF366_aug281,benign,benign,False,False,0.0,0.0033
HF679,benign,benign,False,False,0.0,0.0189
HF573_aug56,benign,benign,False,False,0.0,0.0182
HF375,benign,benign,False,False,0.0,0.0091
HF44,attack,attack,False,False,0.0,0.0066
HF291_aug247,attack,attack,False,False,0.0,0.0047
HF354_aug506,attack,attack,True,True,0.3333333333333333,0.1133
HF145_aug53,attack,attack,False,False,0.0,0.005
HF159_aug680,attack,attack,False,False,0.0,0.0068
HF188_aug187,attack,attack,False,False,0.0,0.0058
HF307_aug706,attack,attack,False,False,0.0,0.0152
HF639_aug722,attack,attack,False,False,0.0,0.0035
HF529_aug158,benign,benign,False,False,0.0,0.0321
HF325,benign,benign,False,False,0.0,0.0095
HF547_aug258,attack,attack,False,False,0.0,0.0047
HF374,benign,benign,False,False,0.0,0.0109
HF178_aug214,benign,benign,False,False,0.0,0.0162
HF236,benign,benign,False,False,0.0,0.0038
HF632_aug756,attack,attack,False,False,0.0,0.0055
HF291_aug299,attack,attack,False,False,0.0,0.0048
HF606_aug537,attack,attack,False,False,0.0,0.0042
HF148_aug304,benign,benign,False,False,0.0,0.021
HF11_aug666,attack,attack,False,False,0.0,0.0025
HF394_aug529,attack,attack,False,False,0.0,0.0051
HF606_aug337,attack,attack,False,False,0.0,0.0041
HF283,benign,benign,False,False,0.0,0.002
HF100_aug495,attack,attack,False,False,0.0,0.0067
HF544,benign,benign,False,False,0.0,0.0038
HF525,benign,benign,False,False,0.0,0.0062
HF207,benign,benign,False,False,0.0,0.0032
HF38,benign,benign,False,False,0.0,0.0032
HF639_aug170,attack,attack,False,False,0.0,0.0038
HF246_aug465,attack,attack,False,False,0.0,0.0051
HF718,benign,benign,False,False,0.0,0.0211
HF319_aug155,attack,attack,False,False,0.0,0.0041
HF522_aug765,attack,attack,False,False,0.0,0.0058
HF547_aug581,attack,attack,False,False,0.0,0.0045
HF628_aug533,attack,attack,False,False,0.0,0.0186
HF46,benign,benign,False,False,0.0,0.0189
HF430_aug768,attack,attack,False,False,0.0,0.0056
HF717,benign,benign,False,False,0.0,0.0029
HF668,benign,benign,False,False,0.0,0.0041
HF715,benign,benign,False,False,0.0,0.002
HF672,benign,benign,False,False,0.0,0.003
HF641_aug97,benign,benign,False,False,0.0,0.014
HF348,benign,benign,False,False,0.0,0.0029
HF631_aug148,benign,benign,False,False,0.0,0.0228
HF202_aug204,benign,benign,False,False,0.0,0.036
HF330,benign,benign,False,False,0.0,0.0041
HF516_aug683,attack,attack,False,False,0.0,0.0045
HF275,attack,attack,False,False,0.0,0.0202
HF241,benign,benign,True,True,0.3333333333333333,0.0115
HF551_aug612,attack,attack,False,False,0.0,0.0143
HF398,benign,benign,False,False,0.0,0.0234
HF333_aug469,attack,attack,False,False,0.0,0.0545
HF727,benign,benign,False,False,0.0,0.0032
HF195,attack,attack,False,False,0.0,0.0045
HF477,attack,attack,False,False,0.0,0.0095
HF200,benign,benign,False,False,0.0,0.0211
HF504_aug731,attack,attack,False,False,0.0,0.0104
HF93_aug139,benign,benign,False,False,0.0,0.0206
HF691_aug621,attack,attack,False,False,0.0,0.0074
HF298,benign,benign,False,False,0.0,0.0038
HF103_aug302,attack,attack,False,False,0.0,0.0116
HF42_aug229,benign,benign,False,False,0.0,0.0456
HF386_aug145,attack,attack,False,False,0.0,0.0031
HF539_aug184,attack,attack,False,False,0.0,0.0062
HF30,benign,benign,False,False,0.0,0.0024
HF99_aug692,attack,attack,False,False,0.0,0.0079
HF547_aug626,attack,attack,False,False,0.0,0.0045
HF297_aug347,benign,benign,False,False,0.0,0.0466
HF720_aug273,attack,attack,False,False,0.0,0.0126
HF643,benign,benign,False,False,0.0,0.0099
HF611,benign,benign,False,False,0.0,0.0073
HF356_aug36,benign,benign,False,False,0.0,0.0111
HF188_aug450,attack,attack,False,False,0.0,0.0053
HF650,attack,attack,True,True,0.3333333333333333,0.0032
HF214,benign,benign,False,False,0.0,0.0029
HF150,attack,attack,False,False,0.0,0.0145
HF504_aug511,attack,attack,False,False,0.0,0.0093
HF321,attack,attack,False,False,0.0,0.0039
HF561_aug391,benign,benign,False,False,0.0,0.0172
HF287,benign,benign,False,False,0.0,0.0028
HF293_aug673,attack,attack,False,False,0.0,0.0136
HF488,benign,benign,False,False,0.0,0.0172
HF388_aug344,benign,benign,False,False,0.0,0.0151
HF125,benign,benign,False,False,0.0,0.0127
HF222,benign,benign,False,False,0.0,0.0208
HF529_aug236,benign,benign,False,False,0.0,0.0328
HF571_aug413,benign,benign,False,False,0.0,0.0191
HF650_aug297,attack,attack,False,False,0.0,0.0027
HF90_aug136,attack,attack,False,False,0.0,0.0057
HF263,benign,benign,False,False,0.0,0.0025
HF113,attack,attack,False,False,0.0,0.009
HF301,benign,benign,False,False,0.0,0.0272
HF558,benign,benign,False,False,0.0,0.0029
HF14_aug275,benign,benign,False,False,0.0,0.0178
HF316_aug743,attack,attack,False,False,0.0,0.0062
HF638,attack,attack,False,False,0.0,0.0274
HF564,benign,benign,False,False,0.0,0.0222
HF278,benign,benign,False,False,0.0,0.0025
HF350,benign,benign,False,False,0.0,0.0028
HF202_aug68,benign,benign,False,False,0.0,0.0366
HF396_aug710,attack,attack,False,False,0.0,0.0062
HF638_aug289,attack,attack,False,False,0.0,0.0288
HF120_aug751,attack,attack,False,False,0.0,0.0045
HF131,benign,benign,False,False,0.0,0.0026
HF40,benign,benign,False,False,0.0,0.0017
HF159_aug385,attack,attack,False,False,0.0,0.0074
HF539_aug548,attack,attack,False,False,0.0,0.0066
HF110_aug455,attack,attack,False,False,0.0,0.0085
HF188_aug32,attack,attack,False,False,0.0,0.0056
HF145_aug530,attack,attack,False,False,0.0,0.0048
HF390_aug443,benign,benign,False,False,0.0,0.0278
HF155_aug87,benign,benign,False,False,0.0,0.0437
HF223,benign,benign,False,False,0.0,0.0076
HF642,benign,benign,False,False,0.0,0.0171
HF585,benign,benign,False,False,0.0,0.006
HF542_aug82,benign,benign,False,False,0.0,0.0857
HF639_aug732,attack,attack,False,False,0.0,0.0052
HF292,benign,benign,False,False,0.0,0.0046
HF83,benign,benign,False,False,0.0,0.0168
HF391,attack,attack,False,False,0.0,0.0038
HF742,benign,benign,False,False,0.0,0.0117
HF538_aug366,attack,attack,False,False,0.0,0.0173
HF235,benign,benign,False,False,0.0,0.0031
HF244,benign,benign,False,False,0.0,0.0087
HF95_aug688,attack,attack,False,False,0.0,0.0055
HF170_aug745,attack,attack,False,False,0.0,0.0169
HF63,benign,benign,False,False,0.0,0.0256
HF489,benign,benign,False,False,0.0,0.019
HF561_aug232,benign,benign,False,False,0.0,0.0172
HF609,benign,benign,False,False,0.0,0.0031
HF211_aug682,attack,attack,False,False,0.0,0.0058
HF483_aug127,benign,benign,False,False,0.0,0.0225
HF326_aug648,attack,attack,False,False,0.0,0.0053
HF340_aug532,attack,attack,False,False,0.0,0.0106
HF8_aug515,attack,attack,False,False,0.0,0.0068
HF686_aug252,attack,attack,False,False,0.0,0.0138
HF82_aug62,attack,attack,False,False,0.0,0.0135
HF266,attack,attack,False,False,0.0,0.0071
HF55_aug112,benign,benign,False,False,0.0,0.0475
HF639_aug242,attack,attack,False,False,0.0,0.0038
HF394_aug193,attack,attack,False,False,0.0,0.005
HF658,attack,attack,False,False,0.0,0.0114
HF54,benign,benign,False,False,0.0,0.0063
HF700_aug190,benign,benign,False,False,0.0,0.0074
HF560,benign,benign,False,False,0.0,0.0032
HF529,benign,benign,False,False,0.0,0.0322
HF113_aug393,attack,attack,False,False,0.0,0.0094
HF208,attack,attack,False,False,0.0,0.0219
HF413,benign,benign,False,False,0.0,0.0022
HF396_aug670,attack,attack,False,False,0.0,0.0069
HF671,benign,benign,False,False,0.0,0.0184
HF731_aug333,benign,benign,False,False,0.0,0.0196
HF351_aug76,attack,attack,False,False,0.0,0.0071
HF145,attack,attack,False,False,0.0,0.0049
HF14_aug430,benign,benign,False,False,0.0,0.0191
HF170_aug460,attack,attack,False,False,0.0,0.0151
HF471_aug408,benign,benign,False,False,0.0,0.021
HF605,benign,benign,False,False,0.0,0.0179
HF539_aug775,attack,attack,False,False,0.0,0.0062
HF1_aug26,benign,benign,False,False,0.0,0.014
HF358_aug536,attack,attack,False,False,0.0,0.01
HF716,attack,attack,False,False,0.0,0.0063
HF547_aug717,attack,attack,False,False,0.0,0.0045
HF11_aug254,attack,attack,False,False,0.0,0.0028
HF504_aug473,attack,attack,False,False,0.0,0.0088
HF103_aug558,attack,attack,False,False,0.0,0.0117
HF521_aug262,benign,benign,False,False,0.0,0.0187
HF565_aug57,benign,benign,False,False,0.0,0.0149
HF396_aug526,attack,attack,False,False,0.0,0.0063
HF120_aug210,attack,attack,False,False,0.0,0.0045
HF133,benign,benign,False,False,0.0,0.0047
HF159_aug623,attack,attack,False,False,0.0,0.0072
HF536_aug94,benign,benign,False,False,0.0,0.0152
HF358_aug414,attack,attack,False,False,0.0,0.0095
HF410,attack,attack,False,False,0.0,0.0043
HF551_aug215,attack,attack,False,False,0.0,0.0122
HF621_aug365,benign,benign,False,False,0.0,0.0173
HF113_aug767,attack,attack,False,False,0.0,0.0099
HF711_aug402,attack,attack,False,False,0.0,0.0077
HF59_aug373,benign,benign,False,False,0.0,0.0179
HF319,attack,attack,False,False,0.0,0.0038
HF632_aug646,attack,attack,False,False,0.0,0.0053
HF710,benign,benign,False,False,0.0,0.0301
HF390_aug372,benign,benign,False,False,0.0,0.0303
HF11_aug551,attack,attack,False,False,0.0,0.0026
HF90_aug296,attack,attack,False,False,0.0,0.0063
HF382,benign,benign,False,False,0.0,0.0043
HF454,benign,benign,False,False,0.0,0.0045
HF56,attack,attack,False,False,0.0,0.0081
HF113_aug194,attack,attack,False,False,0.0,0.0095
HF725_aug82,attack,attack,False,False,0.0,0.006
HF84,benign,benign,False,False,0.0,0.0221
HF270,benign,benign,False,False,0.0,0.018
HF151_aug199,benign,benign,False,False,0.0,0.0224
HF265_aug488,attack,attack,False,False,0.0,0.0056
HF529_aug207,benign,benign,False,False,0.0,0.0322
HF332_aug330,benign,benign,True,True,0.3333333333333333,0.0167
HF100_aug487,attack,attack,False,False,0.0,0.0074
HF691_aug649,attack,attack,False,False,0.0,0.0069
HF579,attack,attack,False,False,0.0,0.0075
HF351_aug693,attack,attack,False,False,0.0,0.0074
HF112_aug30,benign,benign,False,False,0.0,0.0241
HF233_aug55,attack,attack,False,False,0.0,0.0075
HF243_aug133,attack,attack,False,False,0.0,0.0064
HF297_aug334,benign,benign,False,False,0.0,0.0433
HF50,benign,benign,False,False,0.0,0.0023
HF650_aug313,attack,attack,False,False,0.0,0.0028
HF485,benign,benign,False,False,0.0,0.0017
HF20,benign,benign,False,False,0.0,0.0024
HF551_aug566,attack,attack,False,False,0.0,0.0128
HF729_aug201,benign,benign,False,False,0.0,0.0041
HF203_aug559,attack,attack,False,False,0.0,0.0063
HF342,benign,benign,False,False,0.0,0.0219
HF285,benign,benign,False,False,0.0,0.0043
HF635,benign,benign,False,False,0.0,0.0032
HF332_aug438,benign,benign,True,True,0.3333333333333333,0.0166
HF444_aug319,attack,attack,False,False,0.0,0.0084
HF100,attack,attack,False,False,0.0,0.009
HF167_aug154,attack,attack,False,False,0.0,0.0103
HF384,benign,benign,False,False,0.0,0.0022
HF435,benign,benign,False,False,0.0,0.0036
HF55_aug137,benign,benign,False,False,0.0,0.0522
HF82_aug138,attack,attack,False,False,0.0,0.0132
HF145_aug229,attack,attack,False,False,0.0,0.0048
HF663_aug271,attack,attack,False,False,0.0,0.0179
HF351_aug15,attack,attack,False,False,0.0,0.0076
HF539_aug709,attack,attack,False,False,0.0,0.0066
HF317,benign,benign,False,False,0.0,0.0024
HF366_aug51,benign,benign,False,False,0.0,0.0034
HF15,benign,benign,False,False,0.0,0.0023
HF342_aug404,benign,benign,False,False,0.0,0.0222
HF333,attack,attack,False,False,0.0,0.0548
HF12,benign,benign,False,False,0.0,0.0043
HF89,benign,benign,False,False,0.0,0.0177
HF124,benign,benign,False,False,0.0,0.0035
HF693_aug369,benign,benign,False,False,0.0,0.0184
HF429,benign,benign,False,False,0.0,0.002
HF743_aug494,attack,attack,False,False,0.0,0.0022
HF149_aug282,benign,benign,False,False,0.0,0.0129
HF8_aug794,attack,attack,False,False,0.0,0.0071
HF549,attack,attack,False,False,0.0,0.0052
HF134,benign,benign,False,False,0.0,0.0024
HF168_aug173,benign,benign,False,False,0.0,0.0205
HF542_aug452,benign,benign,False,False,0.0,0.0178
HF678_aug587,attack,attack,False,False,0.0,0.0046
HF11_aug378,attack,attack,False,False,0.0,0.0026
HF606_aug501,attack,attack,False,False,0.0,0.0041
HF296,benign,benign,False,False,0.0,0.0031
HF411,benign,benign,False,False,0.0,0.0027
HF339_aug120,benign,benign,False,False,0.0,0.0033
HF361,benign,benign,False,False,0.0,0.0023
HF522_aug285,attack,attack,False,False,0.0,0.0059
HF372_aug357,attack,attack,False,False,0.0,0.007
HF201,benign,benign,False,False,0.0,0.0055
HF164,benign,benign,False,False,0.0,0.0246
HF522_aug599,attack,attack,False,False,0.0,0.0058
HF696_aug310,attack,attack,False,False,0.0,0.0076
HF258_aug431,attack,attack,False,False,0.0,0.0039
HF121_aug376,benign,benign,False,False,0.0,0.018
HF278_aug242,benign,benign,False,False,0.0,0.0027
HF748,benign,benign,False,False,0.0,0.0019
HF216,benign,benign,False,False,0.0,0.004
HF396_aug588,attack,attack,False,False,0.0,0.0071
HF415,attack,attack,False,False,0.0,0.0157
HF469_aug538,attack,attack,False,False,0.0,0.0107
HF257_aug145,benign,benign,False,False,0.0,0.0196
HF109,benign,benign,False,False,0.0,0.0024
HF265_aug628,attack,attack,False,False,0.0,0.0052
HF427,attack,attack,False,False,0.0,0.0029
HF354_aug454,attack,attack,True,True,0.3333333333333333,0.1152
HF367_aug362,benign,benign,False,False,0.0,0.0238
HF215_aug433,attack,attack,False,False,0.0,0.0074
HF691_aug167,attack,attack,False,False,0.0,0.0071
HF39_aug66,attack,attack,True,True,0.3333333333333333,0.0589
HF546_aug453,attack,attack,False,False,0.0,0.0126
HF639_aug733,attack,attack,False,False,0.0,0.0039
HF369_aug620,attack,attack,False,False,0.0,0.0114
HF539_aug664,attack,attack,False,False,0.0,0.0064
HF169,attack,attack,False,False,0.0,0.0047
HF520,benign,benign,False,False,0.0,0.0189
HF292_aug163,benign,benign,False,False,0.0,0.0042
HF316_aug789,attack,attack,False,False,0.0,0.0064
HF612_aug674,attack,attack,False,False,0.0,0.0253
HF606_aug571,attack,attack,False,False,0.0,0.0041
HF304,benign,benign,False,False,0.0,0.0261
HF48_aug454,benign,benign,False,False,0.0,0.0207
HF25,attack,attack,False,False,0.0,0.0039
HF5,benign,benign,False,False,0.0,0.0032
HF399_aug178,benign,benign,False,False,0.0,0.0051
HF638_aug61,attack,attack,False,False,0.0,0.0297
HF432_aug24,benign,benign,False,False,0.0,0.0027
HF308_aug285,benign,benign,True,True,0.3333333333333333,0.0154
HF396_aug241,attack,attack,False,False,0.0,0.0062
HF4,benign,benign,False,False,0.0,0.002
HF102,benign,benign,False,False,0.0,0.002
HF253_aug635,attack,attack,False,False,0.0,0.0047
HF617_aug245,benign,benign,False,False,0.0,0.0177
HF340_aug102,attack,attack,False,False,0.0,0.0116
HF508,benign,benign,False,False,0.0,0.0029
HF545_aug12,benign,benign,False,False,0.0,0.003
HF469_aug111,attack,attack,False,False,0.0,0.0108
HF538,attack,attack,False,False,0.0,0.0171
HF213,benign,benign,False,False,0.0,0.0208
HF297,benign,benign,False,False,0.0,0.0442
HF386_aug372,attack,attack,False,False,0.0,0.003
HF175,attack,attack,False,False,0.0,0.0032
HF447_aug7,benign,benign,False,False,0.0,0.0384
HF291_aug524,attack,attack,False,False,0.0,0.0046
HF113_aug631,attack,attack,False,False,0.0,0.0093
HF526,benign,benign,False,False,0.0,0.0088
HF158,benign,benign,False,False,0.0,0.0203
HF234,benign,benign,False,False,0.0,0.0017
HF632_aug268,attack,attack,False,False,0.0,0.0051
HF743_aug769,attack,attack,False,False,0.0,0.0022
HF725_aug451,attack,attack,False,False,0.0,0.006
HF293_aug197,attack,attack,False,False,0.0,0.0141
HF638_aug309,attack,attack,False,False,0.0,0.0286
HF333_aug118,attack,attack,False,False,0.0,0.0547
HF92,attack,attack,False,False,0.0,0.005
HF349_aug482,attack,attack,False,False,0.0,0.0058
HF142,attack,attack,False,False,0.0,0.0034
HF612_aug700,attack,attack,False,False,0.0,0.0256
HF388_aug233,benign,benign,False,False,0.0,0.0151
HF291_aug625,attack,attack,False,False,0.0,0.0049
HF255_aug308,benign,benign,False,False,0.0,0.0209
HF265_aug205,attack,attack,False,False,0.0,0.0054
HF547_aug718,attack,attack,False,False,0.0,0.0046
HF167_aug335,attack,attack,False,False,0.0,0.01
HF105_aug556,attack,attack,False,False,0.0,0.0126
HF366_aug359,benign,benign,False,False,0.0,0.0034
HF79,benign,benign,False,False,0.0,0.0029
HF280,benign,benign,False,False,0.0,0.0219
HF120_aug43,attack,attack,False,False,0.0,0.0044
HF576,benign,benign,False,False,0.0,0.0123
HF181,benign,benign,False,False,0.0,0.0024
HF316_aug582,attack,attack,False,False,0.0,0.0065
HF448_aug197,benign,benign,False,False,0.0,0.0291
HF243_aug287,attack,attack,False,False,0.0,0.0064
HF551,attack,attack,False,False,0.0,0.0127
HF469_aug759,attack,attack,False,False,0.0,0.0107
HF39_aug651,attack,attack,True,True,0.3333333333333333,0.0633
HF434,benign,benign,False,False,0.0,0.0192
HF606_aug423,attack,attack,False,False,0.0,0.0039
HF725_aug483,attack,attack,False,False,0.0,0.006
HF295_aug16,benign,benign,False,False,0.0,0.0177
HF233_aug367,attack,attack,False,False,0.0,0.0076
HF313_aug363,benign,benign,False,False,0.0,0.0019
HF85,attack,attack,False,False,0.0,0.0033
HF449,attack,attack,False,False,0.0,0.0078
HF483,benign,benign,False,False,0.0,0.0224
HF388,benign,benign,False,False,0.0,0.0149
HF605_aug423,benign,benign,False,False,0.0,0.0179
HF90_aug725,attack,attack,False,False,0.0,0.0057
HF469_aug778,attack,attack,False,False,0.0,0.0104
HF706_aug419,benign,benign,False,False,0.0,0.0036
HF711,attack,attack,False,False,0.0,0.0076
HF199,benign,benign,False,False,0.0,0.0012
HF430_aug790,attack,attack,False,False,0.0,0.0053
HF121_aug410,benign,benign,False,False,0.0,0.0174
HF399_aug111,benign,benign,False,False,0.0,0.0055
HF161_aug404,attack,attack,False,False,0.0,0.0108
HF665,attack,attack,False,False,0.0,0.0084
HF354_aug99,attack,attack,True,True,0.3333333333333333,0.1127
HF469_aug294,attack,attack,False,False,0.0,0.0103
HF29_aug175,benign,benign,False,False,0.0,0.0074
HF192_aug164,benign,benign,False,False,0.0,0.0015
HF607_aug342,benign,benign,False,False,0.0,0.0032
HF323_aug446,benign,benign,False,False,0.0,0.0153
HF396_aug315,attack,attack,False,False,0.0,0.0067
HF502_aug439,benign,benign,False,False,0.0,0.0224
HF88,benign,benign,False,False,0.0,0.0018
HF639_aug274,attack,attack,False,False,0.0,0.0036
HF557,attack,attack,False,False,0.0,0.0117
HF338,benign,benign,False,False,0.0,0.0033
HF276,benign,benign,False,False,0.0,0.002
HF82,attack,attack,False,False,0.0,0.0131
HF731,benign,benign,False,False,0.0,0.0183
HF93,benign,benign,False,False,0.0,0.0187
HF59_aug426,benign,benign,False,False,0.0,0.0187
HF358_aug344,attack,attack,False,False,0.0,0.0103
HF738,benign,benign,False,False,0.0,0.0027
HF43_aug456,attack,attack,False,False,0.0,0.0105
HF703_aug80,benign,benign,False,False,0.0,0.0131
HF24,benign,benign,False,False,0.0,0.0089
HF1_aug117,benign,benign,False,False,0.0,0.0145
HF693,benign,benign,False,False,0.0,0.0204
HF161_aug757,attack,attack,False,False,0.0,0.0105
HF357_aug336,benign,benign,False,False,0.0,0.0109
HF444_aug81,attack,attack,False,False,0.0,0.0087
HF354_aug595,attack,attack,True,True,0.3333333333333333,0.1404
HF400_aug81,benign,benign,False,False,0.0,0.0027
HF522_aug23,attack,attack,False,False,0.0,0.0065
HF106,attack,attack,False,False,0.0,0.0254
HF97_aug225,benign,benign,False,False,0.0,0.0374
HF113_aug235,attack,attack,False,False,0.0,0.0099
HF607_aug403,benign,benign,False,False,0.0,0.0032
HF540,benign,benign,False,False,0.0,0.0235
HF206_aug27,attack,attack,False,False,0.0,0.0046
HF147,attack,attack,False,False,0.0,0.0048
HF170_aug547,attack,attack,False,False,0.0,0.0164
HF59,benign,benign,False,False,0.0,0.018
HF554,benign,benign,False,False,0.0,0.0064
HF711_aug267,attack,attack,False,False,0.0,0.0082
HF22_aug147,benign,benign,False,False,0.0,0.0193
HF649_aug422,benign,benign,False,False,0.0,0.0028
HF430_aug485,attack,attack,False,False,0.0,0.0053
HF502_aug298,benign,benign,False,False,0.0,0.0228
HF504_aug437,attack,attack,False,False,0.0,0.0088
HF653_aug167,benign,benign,False,False,0.0,0.0099
HF303,benign,benign,False,False,0.0,0.0023
HF225,benign,benign,False,False,0.0,0.0025
HF575,benign,benign,False,False,0.0,0.0028
HF721,benign,benign,False,False,0.0,0.0035
HF564_aug110,benign,benign,False,False,0.0,0.0221
HF418,benign,benign,False,False,0.0,0.0022
HF599_aug277,benign,benign,False,False,0.0,0.0291
HF11_aug598,attack,attack,False,False,0.0,0.0024
HF364_aug58,benign,benign,False,False,0.0,0.0023
HF606,attack,attack,False,False,0.0,0.0041
HF246_aug754,attack,attack,False,False,0.0,0.0049
HF261,benign,benign,False,False,0.0,0.0057
HF628_aug619,attack,attack,False,False,0.0,0.018
HF241_aug136,benign,benign,True,True,0.3333333333333333,0.0123
HF291_aug675,attack,attack,False,False,0.0,0.0047
HF316_aug711,attack,attack,False,False,0.0,0.0065
HF547,attack,attack,False,False,0.0,0.0048
HF615_aug325,benign,benign,False,False,0.0,0.0211
HF245_aug231,benign,benign,False,False,0.0,0.0248
HF657_aug307,attack,attack,False,False,0.0,0.007
HF192,benign,benign,False,False,0.0,0.0016
HF346,benign,benign,False,False,0.0,0.0029
HF607_aug138,benign,benign,False,False,0.0,0.0031
HF372,attack,attack,False,False,0.0,0.007
HF607,benign,benign,False,False,0.0,0.0027
HF604,benign,benign,False,False,0.0,0.0162
HF745_aug384,attack,attack,False,False,0.0,0.0073
HF308_aug223,benign,benign,True,True,0.3333333333333333,0.015
HF204,benign,benign,False,False,0.0,0.0109
HF182,attack,attack,False,False,0.0,0.0152
HF546,attack,attack,False,False,0.0,0.0126
HF319_aug201,attack,attack,False,False,0.0,0.0039
HF112_aug397,benign,benign,False,False,0.0,0.0236
HF11_aug5,attack,attack,False,False,0.0,0.0025
HF502_aug349,benign,benign,False,False,0.0,0.0227
HF173,benign,benign,False,False,0.0,0.0023
HF114_aug345,benign,benign,False,False,0.0,0.0298
HF43,attack,attack,False,False,0.0,0.0099
HF19,benign,benign,False,False,0.0,0.002
HF123_aug361,benign,benign,False,False,0.0,0.0421
HF76,benign,benign,False,False,0.0,0.0022
HF469_aug250,attack,attack,False,False,0.0,0.0108
HF369_aug51,attack,attack,False,False,0.0,0.0113
HF456,benign,benign,False,False,0.0,0.0025
HF39_aug694,attack,attack,True,True,0.3333333333333333,0.0592
HF184_aug188,benign,benign,False,False,0.0,0.0183
HF243_aug678,attack,attack,False,False,0.0,0.0063
HF332_aug50,benign,benign,True,True,0.3333333333333333,0.0164
HF313_aug343,benign,benign,False,False,0.0,0.0019
HF100_aug421,attack,attack,False,False,0.0,0.0066
HF546_aug143,attack,attack,False,False,0.0,0.0127
HF619_aug157,benign,benign,False,False,0.0,0.0174
HF546_aug60,attack,attack,False,False,0.0,0.0126
HF706_aug89,benign,benign,False,False,0.0,0.0036
HF450,benign,benign,False,False,0.0,0.0029
HF599,benign,benign,False,False,0.0,0.2134
HF539,attack,attack,False,False,0.0,0.0433
HF351_aug270,attack,attack,False,False,0.0,0.0194
HF265_aug438,attack,attack,False,False,0.0,0.0343
HF447_aug437,benign,benign,False,False,0.0,0.1864
HF655_aug337,benign,benign,False,False,0.0,0.0227
HF628_aug348,attack,attack,False,False,0.0,0.0189
HF599_aug234,benign,benign,False,False,0.0,0.031
HF381_aug726,attack,attack,False,False,0.0,0.0054
HF316_aug286,attack,attack,False,False,0.0,0.0065
HF483_aug266,benign,benign,False,False,0.0,0.0236
HF240,benign,benign,False,False,0.0,0.019
HF522,attack,attack,False,False,0.0,0.006
HF55_aug159,benign,benign,False,False,0.0,0.0505
HF710_aug383,benign,benign,False,False,0.0,0.0282
HF386_aug200,attack,attack,False,False,0.0,0.0031
HF539_aug752,attack,attack,False,False,0.0,0.0078
HF447_aug332,benign,benign,False,False,0.0,0.0381
HF266_aug457,attack,attack,False,False,0.0,0.007
HF519,benign,benign,False,False,0.0,0.0092
HF293_aug261,attack,attack,False,False,0.0,0.0139
HF486,benign,benign,False,False,0.0,0.003
HF686,attack,attack,False,False,0.0,0.0125
HF210,benign,benign,False,False,0.0,0.002
HF312,benign,benign,False,False,0.0,0.0049
HF354_aug406,attack,attack,True,True,0.3333333333333333,0.1126
HF514,attack,attack,False,False,0.0,0.0039
HF539_aug549,attack,attack,False,False,0.0,0.0063
HF730,benign,benign,False,False,0.0,0.0046
HF445_aug779,attack,attack,False,False,0.0,0.0058
HF736,attack,attack,False,False,0.0,0.0046
HF343_aug88,benign,benign,False,False,0.0,0.0314
HF159_aug681,attack,attack,False,False,0.0,0.0069
HF188_aug77,attack,attack,False,False,0.0,0.0054
HF743_aug91,attack,attack,False,False,0.0,0.0022
HF692_aug278,benign,benign,False,False,0.0,0.0059
HF243_aug198,attack,attack,False,False,0.0,0.0064
HF439,attack,attack,False,False,0.0,0.0061
HF289,benign,benign,False,False,0.0,0.0029
HF749,attack,attack,False,False,0.0,0.063
HF629,benign,benign,False,False,0.0,0.0413
HF161_aug633,attack,attack,False,False,0.0,0.0271
HF551_aug44,attack,attack,False,False,0.0,0.0285
HF600,benign,benign,False,False,0.0,0.0201
HF436_aug208,benign,benign,False,False,0.0,0.0211
HF48_aug356,benign,benign,False,False,0.0,0.0206
HF523_aug162,benign,benign,False,False,0.0,0.0434
HF712_aug335,benign,benign,False,False,0.0,0.0114
HF219,benign,benign,False,False,0.0,0.0087
HF1_aug116,benign,benign,False,False,0.0,0.0133
HF587,benign,benign,False,False,0.0,0.0158
HF745_aug182,attack,attack,False,False,0.0,0.0074
HF164_aug213,benign,benign,False,False,0.0,0.0235
HF386_aug652,attack,attack,False,False,0.0,0.003
HF46_aug44,benign,benign,False,False,0.0,0.0193
HF291_aug17,attack,attack,False,False,0.0,0.0045
HF654_aug439,attack,attack,False,False,0.0,0.0042
HF8,attack,attack,False,False,0.0,0.0067
HF405,attack,attack,False,False,0.0,0.0104
HF188_aug496,attack,attack,False,False,0.0,0.0056
HF476_aug370,benign,benign,False,False,0.0,0.0252
HF291_aug749,attack,attack,False,False,0.0,0.0046
HF404_aug103,benign,benign,False,False,0.0,0.0172
HF655_aug91,benign,benign,False,False,0.0,0.0208
HF187_aug340,benign,benign,False,False,0.0,0.0213
HF570,benign,benign,False,False,0.0,0.0116
HF569,benign,benign,False,False,0.0,0.0185
HF729,benign,benign,False,False,0.0,0.0047
HF404,benign,benign,False,False,0.0,0.0187
HF733_aug263,benign,benign,False,False,0.0,0.0214
HF701_aug239,attack,attack,False,False,0.0,0.0064
HF712,benign,benign,False,False,0.0,0.0119
HF193,benign,benign,False,False,0.0,0.013
HF706_aug170,benign,benign,False,False,0.0,0.0035
HF356,benign,benign,False,False,0.0,0.0104
HF448_aug318,benign,benign,False,False,0.0,0.0286
HF343_aug86,benign,benign,False,False,0.0,0.0313
HF573_aug150,benign,benign,False,False,0.0,0.018
HF553,benign,benign,False,False,0.0,0.0027
HF319_aug461,attack,attack,False,False,0.0,0.0039
HF541_aug290,benign,benign,False,False,0.0,0.0187
HF357,benign,benign,False,False,0.0,0.0189
HF744_aug228,benign,benign,True,True,0.3333333333333333,0.0314
HF706_aug155,benign,benign,False,False,0.0,0.0034
HF546_aug115,attack,attack,False,False,0.0,0.0123
HF333_aug446,attack,attack,False,False,0.0,0.0608
HF595,benign,benign,False,False,0.0,0.0188
HF655,benign,benign,False,False,0.0,0.0217
HF316_aug507,attack,attack,False,False,0.0,0.0062
HF531,benign,benign,False,False,0.0,0.0077
HF392,benign,benign,False,False,0.0,0.0108
HF711_aug770,attack,attack,False,False,0.0,0.0075
HF99_aug425,attack,attack,False,False,0.0,0.0077
HF145_aug430,attack,attack,False,False,0.0,0.0051
HF425,benign,benign,False,False,0.0,0.0231
HF559,benign,benign,False,False,0.0,0.0029
HF568,benign,benign,False,False,0.0,0.0232
HF344,benign,benign,False,False,0.0,0.0153
HF594_aug407,benign,benign,False,False,0.0,0.0168
HF352,benign,benign,False,False,0.0,0.0098
HF682,benign,benign,False,False,0.0,0.017
HF518,benign,benign,False,False,0.0,0.0128
HF724,benign,benign,False,False,0.0,0.005
HF561_aug118,benign,benign,False,False,0.0,0.0173
HF492,benign,benign,False,False,0.0,0.0094
HF523_aug380,benign,benign,False,False,0.0,0.0421
HF621_aug355,benign,benign,False,False,0.0,0.0169
HF523_aug98,benign,benign,False,False,0.0,0.0416
HF429_aug303,benign,benign,False,False,0.0,0.002
HF546_aug593,attack,attack,False,False,0.0,0.0123
HF522_aug443,attack,attack,False,False,0.0,0.0057
HF16,benign,benign,False,False,0.0,0.0015
HF476_aug294,benign,benign,False,False,0.0,0.0261
HF354_aug354,attack,attack,True,True,0.3333333333333333,0.1283
HF243_aug479,attack,attack,False,False,0.0,0.0066
HF539_aug375,attack,attack,False,False,0.0,0.0064
HF148,benign,benign,False,False,0.0,0.0198
HF370,benign,benign,False,False,0.0,0.0219
HF693_aug177,benign,benign,False,False,0.0,0.0182
HF256,benign,benign,False,False,0.0,0.0025
HF430_aug322,attack,attack,False,False,0.0,0.0057
HF75,benign,benign,False,False,0.0,0.0081
HF546_aug338,attack,attack,False,False,0.0,0.0127
HF274,benign,benign,False,False,0.0,0.0042
HF313_aug133,benign,benign,False,False,0.0,0.0019
HF678_aug546,attack,attack,False,False,0.0,0.0043
HF168_aug306,benign,benign,False,False,0.0,0.0208
HF591,benign,benign,False,False,0.0,0.0028
HF691_aug282,attack,attack,False,False,0.0,0.007
HF502_aug212,benign,benign,False,False,0.0,0.0225
HF349,attack,attack,False,False,0.0,0.0056
HF26,benign,benign,False,False,0.0,0.0171
HF170_aug361,attack,attack,False,False,0.0,0.0157
HF366,benign,benign,False,False,0.0,0.0031
HF354_aug540,attack,attack,True,True,0.3333333333333333,0.1113
HF188_aug661,attack,attack,False,False,0.0,0.0056
HF93_aug53,benign,benign,False,False,0.0,0.0192
HF487_aug169,benign,benign,False,False,0.0,0.0118
HF666,benign,benign,False,False,0.0,0.0049
HF95_aug689,attack,attack,False,False,0.0,0.0053
HF376_aug32,benign,benign,True,True,0.3333333333333333,0.0595
HF49,benign,benign,False,False,0.0,0.0097
HF663_aug4,attack,attack,False,False,0.0,0.0177
HF522_aug190,attack,attack,False,False,0.0,0.0055
HF743_aug592,attack,attack,False,False,0.0,0.0022
HF461_aug668,attack,attack,False,False,0.0,0.008
HF211_aug195,attack,attack,False,False,0.0,0.006
HF265_aug564,attack,attack,False,False,0.0,0.0053
HF84_aug296,benign,benign,False,False,0.0,0.0237
HF336,benign,benign,False,False,0.0,0.0027
HF34,benign,benign,False,False,0.0,0.0027
HF541_aug247,benign,benign,False,False,0.0,0.0186
HF551_aug440,attack,attack,False,False,0.0,0.0127
HF682_aug346,benign,benign,False,False,0.0,0.0167
HF396_aug410,attack,attack,False,False,0.0,0.0064
HF10_aug217,benign,benign,False,False,0.0,0.0147
HF319_aug758,attack,attack,False,False,0.0,0.0038
HF721_aug25,benign,benign,False,False,0.0,0.0035
HF381_aug523,attack,attack,False,False,0.0,0.005
HF745_aug481,attack,attack,False,False,0.0,0.0141
HF355,attack,attack,False,False,0.0,0.0056
HF103_aug602,attack,attack,False,False,0.0,0.0129
HF599_aug206,benign,benign,False,False,0.0,0.031
HF158_aug52,benign,benign,False,False,0.0,0.0209
HF391_aug204,attack,attack,False,False,0.0,0.0047
HF307_aug300,attack,attack,False,False,0.0,0.0179
HF91,benign,benign,False,False,0.0,0.0207
HF72,benign,benign,False,False,0.0,0.0136
HF152_aug727,attack,attack,False,False,0.0,0.0028
HF100_aug577,attack,attack,False,False,0.0,0.007
HF745,attack,attack,False,False,0.0,0.007
HF479,attack,attack,False,False,0.0,0.0033
HF66,benign,benign,False,False,0.0,0.0033
HF153,attack,attack,False,False,0.0,0.0063
HF22,benign,benign,False,False,0.0,0.0183
HF311_aug28,attack,attack,False,False,0.0,0.0058
HF704,benign,benign,False,False,0.0,0.0062
HF121_aug251,benign,benign,False,False,0.0,0.0176
HF291_aug176,attack,attack,False,False,0.0,0.005
HF319_aug86,attack,attack,False,False,0.0,0.0042
HF358_aug216,attack,attack,False,False,0.0,0.0094
HF641_aug153,benign,benign,False,False,0.0,0.0141
HF522_aug189,attack,attack,False,False,0.0,0.0058
HF381_aug390,attack,attack,False,False,0.0,0.0051
HF714,benign,benign,False,False,0.0,0.0123
HF229,benign,benign,False,False,0.0,0.0225
HF116,benign,benign,False,False,0.0,0.0135
HF680,benign,benign,False,False,0.0,0.0044
HF749_aug445,attack,attack,False,False,0.0,0.0321
HF218,benign,benign,False,False,0.0,0.0098
HF510,benign,benign,True,True,0.3333333333333333,0.0153
HF551_aug318,attack,attack,False,False,0.0,0.0132
HF123_aug317,benign,benign,False,False,0.0,0.043
HF215,attack,attack,False,False,0.0,0.0073
HF521_aug291,benign,benign,False,False,0.0,0.0185
HF68,attack,attack,False,False,0.0,0.0305
HF251,benign,benign,False,False,0.0,0.0059
HF81,benign,benign,False,False,0.0,0.0027
HF340_aug290,attack,attack,False,False,0.0,0.0107
HF396_aug177,attack,attack,False,False,0.0,0.0063
HF691,attack,attack,False,False,0.0,0.0071
HF333_aug561,attack,attack,False,False,0.0,0.0561
HF638_aug14,attack,attack,False,False,0.0,0.0285
HF551_aug589,attack,attack,False,False,0.0,0.0142
HF98,benign,benign,False,False,0.0,0.0033
HF291_aug676,attack,attack,False,False,0.0,0.005
HF206_aug135,attack,attack,False,False,0.0,0.0044
HF332_aug227,benign,benign,True,True,0.3333333333333333,0.0177
HF386_aug517,attack,attack,False,False,0.0,0.003
HF202_aug203,benign,benign,False,False,0.0,0.0377
HF172_aug93,attack,attack,False,False,0.0,0.0055
HF332_aug180,benign,benign,True,True,0.3333333333333333,0.0163
HF21,benign,benign,False,False,0.0,0.003
HF380,benign,benign,False,False,0.0,0.0196
HF376_aug205,benign,benign,True,True,0.3333333333333333,0.0591
HF667,benign,benign,False,False,0.0,0.0023
HF316_aug253,attack,attack,False,False,0.0,0.0062
HF189_aug451,benign,benign,False,False,0.0,0.0179
HF319_aug613,attack,attack,False,False,0.0,0.0039
HF151_aug341,benign,benign,False,False,0.0,0.0214
HF701_aug67,attack,attack,False,False,0.0,0.0062
HF8_aug793,attack,attack,False,False,0.0,0.0067
HF746,attack,attack,False,False,0.0,0.0046
HF608,attack,attack,False,False,0.0,0.0069
HF367_aug34,benign,benign,False,False,0.0,0.023
HF243_aug527,attack,attack,False,False,0.0,0.0064
HF167_aug199,attack,attack,False,False,0.0,0.0099
HF606_aug500,attack,attack,False,False,0.0,0.0039
HF688,benign,benign,False,False,0.0,0.0027
HF22_aug300,benign,benign,False,False,0.0,0.0181
HF367_aug250,benign,benign,False,False,0.0,0.0239
HF185,benign,benign,False,False,0.0,0.0062
HF258_aug363,attack,attack,False,False,0.0,0.0035
HF573,benign,benign,False,False,0.0,0.0173
HF27,benign,benign,False,False,0.0,0.0078
HF31,benign,benign,False,False,0.0,0.0056
HF571,benign,benign,False,False,0.0,0.0191
HF367_aug350,benign,benign,False,False,0.0,0.0233
HF64_aug40,benign,benign,False,False,0.0,0.0162
HF140,benign,benign,False,False,0.0,0.0027
HF99_aug3,attack,attack,False,False,0.0,0.0074
HF139,attack,attack,False,False,0.0,0.0051
HF638_aug573,attack,attack,False,False,0.0,0.0284
HF266_aug306,attack,attack,False,False,0.0,0.007
HF617,benign,benign,False,False,0.0,0.0178
HF653,benign,benign,False,False,0.0,0.0103
HF607_aug425,benign,benign,False,False,0.0,0.0031
HF542,benign,benign,False,False,0.0,0.0172
HF322,attack,attack,False,False,0.0,0.0035
HF505,benign,benign,False,False,0.0,0.0037
HF663_aug695,attack,attack,False,False,0.0,0.0194
HF657_aug362,attack,attack,False,False,0.0,0.0073
HF513,benign,benign,False,False,0.0,0.0027
HF8_aug574,attack,attack,False,False,0.0,0.0072
HF606_aug39,attack,attack,False,False,0.0,0.0039
HF60,attack,attack,False,False,0.0,0.0031
HF504_aug113,attack,attack,False,False,0.0,0.0096
HF351_aug398,attack,attack,False,False,0.0,0.0086
HF90_aug185,attack,attack,False,False,0.0,0.0065
HF414,benign,benign,False,False,0.0,0.004
HF632,attack,attack,False,False,0.0,0.0051
HF522_aug638,attack,attack,False,False,0.0,0.006
HF95,attack,attack,False,False,0.0,0.0054
HF387_aug444,attack,attack,True,True,0.3333333333333333,0.0096
HF649_aug297,benign,benign,False,False,0.0,0.0027
HF698,benign,benign,False,False,0.0,0.0173
HF220,benign,benign,False,False,0.0,0.0055
HF722,benign,benign,False,False,0.0,0.0028
HF546_aug629,attack,attack,False,False,0.0,0.0123
HF371,benign,benign,False,False,0.0,0.013
HF69_aug45,benign,benign,False,False,0.0,0.0118
HF724_aug354,benign,benign,False,False,0.0,0.0053
HF654_aug360,attack,attack,False,False,0.0,0.0043
HF594_aug406,benign,benign,False,False,0.0,0.016
HF159_aug484,attack,attack,False,False,0.0,0.0074
HF444_aug755,attack,attack,False,False,0.0,0.0086
HF701,attack,attack,False,False,0.0,0.0063
HF343_aug261,benign,benign,False,False,0.0,0.031
HF551_aug773,attack,attack,False,False,0.0,0.0126
HF319_aug497,attack,attack,False,False,0.0,0.0041
HF687,benign,benign,False,False,0.0,0.0028
HF692_aug160,benign,benign,False,False,0.0,0.0057
HF394_aug308,attack,attack,False,False,0.0,0.0048
HF111,benign,benign,False,False,0.0,0.0136
HF100_aug272,attack,attack,False,False,0.0,0.0071
HF571_aug39,benign,benign,False,False,0.0,0.0188
HF206_aug654,attack,attack,False,False,0.0,0.0038
HF394_aug545,attack,attack,False,False,0.0,0.0047
HF43_aug50,attack,attack,False,False,0.0,0.0098
HF99,attack,attack,False,False,0.0,0.007
HF471,benign,benign,False,False,0.0,0.0228
HF632_aug257,attack,attack,False,False,0.0,0.005
HF257,benign,benign,False,False,0.0,0.022
HF110_aug74,attack,attack,False,False,0.0,0.0081
HF307_aug753,attack,attack,False,False,0.0,0.0157
HF299,benign,benign,False,False,0.0,0.0132
HF82_aug183,attack,attack,False,False,0.0,0.013
HF556_aug603,attack,attack,False,False,0.0,0.0089
HF598,benign,benign,False,False,0.0,0.0018
HF706,benign,benign,False,False,0.0,0.0034
HF469_aug141,attack,attack,False,False,0.0,0.0107
HF351_aug567,attack,attack,False,False,0.0,0.0074
HF463,benign,benign,False,False,0.0,0.0023
HF309_aug140,benign,benign,False,False,0.0,0.0018
HF465,attack,attack,False,False,0.0,0.0336
HF502_aug142,benign,benign,False,False,0.0,0.0423
HF638_aug669,attack,attack,False,False,0.0,0.0302
HF174,benign,benign,False,False,0.0,0.0252
HF552,benign,benign,False,False,0.0,0.0089
HF314,attack,attack,False,False,0.0,0.0458
HF662,benign,benign,False,False,0.0,0.0035
HF266_aug128,attack,attack,False,False,0.0,0.0076
HF332,benign,benign,True,True,0.3333333333333333,0.0199
HF326_aug264,attack,attack,False,False,0.0,0.0059
HF431,attack,attack,False,False,0.0,0.0611
HF615_aug93,benign,benign,False,False,0.0,0.0214
HF57,benign,benign,False,False,0.0,0.0017
HF332_aug179,benign,benign,True,True,0.3333333333333333,0.0169
HF129,benign,benign,False,False,0.0,0.0031
HF186,benign,benign,False,False,0.0,0.0222
HF409,benign,benign,False,False,0.0,0.0021
HF547_aug658,attack,attack,False,False,0.0,0.0043
HF625,benign,benign,False,False,0.0,0.003
HF178,benign,benign,False,False,0.0,0.0149
